sum_GooglePlus_result,avg_GooglePlus_by_hour
-121.0,-2.5208333333333335
-42.0,-0.875
-37.0,-0.7708333333333334
-144.0,-3.0
-24.0,-0.5
-42.0,-0.875
-117.0,-2.4375
-144.0,-3.0
-144.0,-3.0
-144.0,-3.0
-88.0,-1.8333333333333333
-144.0,-3.0
-119.0,-2.4791666666666665
-144.0,-3.0
-86.0,-1.7916666666666667
-107.0,-2.2291666666666665
-132.0,-2.75
-81.0,-1.6875
-90.0,-1.875
-90.0,-1.875
-86.0,-1.7916666666666667
-106.0,-2.2083333333333335
0.0,0.0
-18.0,-0.375
-27.0,-0.5625
-66.0,-1.375
0.0,0.0
-124.0,-2.5833333333333335
-101.0,-2.1041666666666665
-141.0,-2.9375
-144.0,-3.0
-122.0,-2.5416666666666665
102.0,2.125
-63.0,-1.3125
835.0,17.395833333333332
-18.0,-0.375
-15.0,-0.3125
0.0,0.0
156.0,3.25
-144.0,-3.0
142.0,2.9583333333333335
72.0,1.5
-92.0,-1.9166666666666667
144.0,3.0
291.0,6.0625
207.0,4.3125
-31.0,-0.6458333333333334
-92.0,-1.9166666666666667
0.0,0.0
-70.0,-1.4583333333333333
-21.0,-0.4375
144.0,3.0
0.0,0.0
-22.0,-0.4583333333333333
53.0,1.1041666666666667
-6.0,-0.125
0.0,0.0
0.0,0.0
0.0,0.0
-21.0,-0.4375
-21.0,-0.4375
-21.0,-0.4375
-144.0,-3.0
0.0,0.0
0.0,0.0
45.0,0.9375
-21.0,-0.4375
134.0,2.7916666666666665
0.0,0.0
0.0,0.0
34.0,0.7083333333333334
0.0,0.0
0.0,0.0
440.0,9.166666666666666
0.0,0.0
-64.0,-1.3333333333333333
-144.0,-3.0
144.0,3.0
0.0,0.0
190.0,3.9583333333333335
0.0,0.0
-144.0,-3.0
0.0,0.0
-3.0,-0.0625
0.0,0.0
-36.0,-0.75
0.0,0.0
-6.0,-0.125
0.0,0.0
81.0,1.6875
-3.0,-0.0625
128.0,2.6666666666666665
0.0,0.0
1133.0,23.604166666666668
-144.0,-3.0
-3.0,-0.0625
0.0,0.0
0.0,0.0
1833.0,38.1875
0.0,0.0
-140.0,-2.9166666666666665
-24.0,-0.5
0.0,0.0
-12.0,-0.25
0.0,0.0
-18.0,-0.375
1427.0,29.729166666666668
-3.0,-0.0625
-51.0,-1.0625
-78.0,-1.625
-63.0,-1.3125
-144.0,-3.0
286.0,5.958333333333333
-144.0,-3.0
0.0,0.0
876.0,18.25
2879.0,59.979166666666664
0.0,0.0
0.0,0.0
-15.0,-0.3125
0.0,0.0
-9.0,-0.1875
0.0,0.0
0.0,0.0
0.0,0.0
0.0,0.0
0.0,0.0
0.0,0.0
-144.0,-3.0
298.0,6.208333333333333
-21.0,-0.4375
-25.0,-0.5208333333333334
-23.0,-0.4791666666666667
-144.0,-3.0
0.0,0.0
0.0,0.0
-3.0,-0.0625
0.0,0.0
-22.0,-0.4583333333333333
-22.0,-0.4583333333333333
1289.0,26.854166666666668
-27.0,-0.5625
127.0,2.6458333333333335
0.0,0.0
-3.0,-0.0625
-21.0,-0.4375
-22.0,-0.4583333333333333
539.0,11.229166666666666
279.0,5.8125
-31.0,-0.6458333333333334
0.0,0.0
-67.0,-1.3958333333333333
0.0,0.0
0.0,0.0
717.0,14.9375
-21.0,-0.4375
-33.0,-0.6875
-30.0,-0.625
-21.0,-0.4375
98.0,2.0416666666666665
100.0,2.0833333333333335
432.0,9.0
266.0,5.541666666666667
0.0,0.0
-144.0,-3.0
-3.0,-0.0625
-21.0,-0.4375
924.0,19.25
261.0,5.4375
0.0,0.0
0.0,0.0
0.0,0.0
72.0,1.5
178.0,3.7083333333333335
0.0,0.0
-33.0,-0.6875
0.0,0.0
-3.0,-0.0625
0.0,0.0
-27.0,-0.5625
0.0,0.0
-6.0,-0.125
-12.0,-0.25
0.0,0.0
0.0,0.0
-30.0,-0.625
0.0,0.0
134.0,2.7916666666666665
0.0,0.0
0.0,0.0
-3.0,-0.0625
101.0,2.1041666666666665
1245.0,25.9375
62.0,1.2916666666666667
0.0,0.0
0.0,0.0
655.0,13.645833333333334
0.0,0.0
0.0,0.0
-27.0,-0.5625
175.0,3.6458333333333335
0.0,0.0
0.0,0.0
-21.0,-0.4375
194.0,4.041666666666667
-15.0,-0.3125
144.0,3.0
0.0,0.0
144.0,3.0
-3.0,-0.0625
-22.0,-0.4583333333333333
0.0,0.0
0.0,0.0
-21.0,-0.4375
-21.0,-0.4375
0.0,0.0
144.0,3.0
-18.0,-0.375
-21.0,-0.4375
0.0,0.0
2270.0,47.291666666666664
0.0,0.0
0.0,0.0
-26.0,-0.5416666666666666
107.0,2.2291666666666665
0.0,0.0
0.0,0.0
0.0,0.0
-12.0,-0.25
-42.0,-0.875
-21.0,-0.4375
18.0,0.375
511.0,10.645833333333334
0.0,0.0
137.0,2.8541666666666665
104.0,2.1666666666666665
-12.0,-0.25
-21.0,-0.4375
0.0,0.0
0.0,0.0
-43.0,-0.8958333333333334
266.0,5.541666666666667
256.0,5.333333333333333
223.0,4.645833333333333
683.0,14.229166666666666
-21.0,-0.4375
95.0,1.9791666666666667
240.0,5.0
-126.0,-2.625
-15.0,-0.3125
0.0,0.0
0.0,0.0
-21.0,-0.4375
0.0,0.0
0.0,0.0
0.0,0.0
144.0,3.0
0.0,0.0
0.0,0.0
42.0,0.875
523.0,10.895833333333334
0.0,0.0
0.0,0.0
8932.0,186.08333333333334
0.0,0.0
0.0,0.0
-27.0,-0.5625
0.0,0.0
0.0,0.0
-6.0,-0.125
-6.0,-0.125
391.0,8.145833333333334
0.0,0.0
0.0,0.0
288.0,6.0
-15.0,-0.3125
-21.0,-0.4375
501.0,10.4375
0.0,0.0
0.0,0.0
0.0,0.0
-27.0,-0.5625
225.0,4.6875
139.0,2.8958333333333335
288.0,6.0
-3.0,-0.0625
263.0,5.479166666666667
0.0,0.0
144.0,3.0
-144.0,-3.0
0.0,0.0
114.0,2.375
0.0,0.0
0.0,0.0
0.0,0.0
-144.0,-3.0
137.0,2.8541666666666665
0.0,0.0
-21.0,-0.4375
-21.0,-0.4375
-28.0,-0.5833333333333334
-26.0,-0.5416666666666666
-6.0,-0.125
144.0,3.0
0.0,0.0
0.0,0.0
234.0,4.875
221.0,4.604166666666667
0.0,0.0
0.0,0.0
0.0,0.0
-144.0,-3.0
-30.0,-0.625
53.0,1.1041666666666667
144.0,3.0
-28.0,-0.5833333333333334
221.0,4.604166666666667
0.0,0.0
113.0,2.3541666666666665
95.0,1.9791666666666667
-27.0,-0.5625
137.0,2.8541666666666665
144.0,3.0
466.0,9.708333333333334
-3.0,-0.0625
0.0,0.0
0.0,0.0
0.0,0.0
0.0,0.0
288.0,6.0
138.0,2.875
0.0,0.0
234.0,4.875
754.0,15.708333333333334
600.0,12.5
38.0,0.7916666666666666
-144.0,-3.0
-18.0,-0.375
659.0,13.729166666666666
56.0,1.1666666666666667
-3.0,-0.0625
130.0,2.7083333333333335
-23.0,-0.4791666666666667
370.0,7.708333333333333
66.0,1.375
0.0,0.0
0.0,0.0
0.0,0.0
-22.0,-0.4583333333333333
0.0,0.0
0.0,0.0
0.0,0.0
0.0,0.0
122.0,2.5416666666666665
494.0,10.291666666666666
158.0,3.2916666666666665
0.0,0.0
81.0,1.6875
261.0,5.4375
0.0,0.0
0.0,0.0
0.0,0.0
403.0,8.395833333333334
257.0,5.354166666666667
0.0,0.0
-21.0,-0.4375
132.0,2.75
0.0,0.0
288.0,6.0
0.0,0.0
0.0,0.0
0.0,0.0
0.0,0.0
408.0,8.5
-6.0,-0.125
-21.0,-0.4375
0.0,0.0
0.0,0.0
-21.0,-0.4375
200.0,4.166666666666667
0.0,0.0
0.0,0.0
0.0,0.0
0.0,0.0
-42.0,-0.875
82.0,1.7083333333333333
222.0,4.625
-21.0,-0.4375
0.0,0.0
144.0,3.0
131.0,2.7291666666666665
0.0,0.0
-22.0,-0.4583333333333333
276.0,5.75
1616.0,33.666666666666664
0.0,0.0
-18.0,-0.375
114.0,2.375
89.0,1.8541666666666667
-21.0,-0.4375
-1.0,-0.020833333333333332
0.0,0.0
-24.0,-0.5
1815.0,37.8125
662.0,13.791666666666666
0.0,0.0
235.0,4.895833333333333
-9.0,-0.1875
0.0,0.0
0.0,0.0
0.0,0.0
0.0,0.0
276.0,5.75
27.0,0.5625
0.0,0.0
0.0,0.0
144.0,3.0
1022.0,21.291666666666668
-27.0,-0.5625
0.0,0.0
0.0,0.0
521.0,10.854166666666666
0.0,0.0
0.0,0.0
-15.0,-0.3125
0.0,0.0
138.0,2.875
0.0,0.0
-21.0,-0.4375
121.0,2.5208333333333335
0.0,0.0
0.0,0.0
0.0,0.0
0.0,0.0
0.0,0.0
-21.0,-0.4375
0.0,0.0
0.0,0.0
260.0,5.416666666666667
-3.0,-0.0625
-18.0,-0.375
0.0,0.0
-21.0,-0.4375
98.0,2.0416666666666665
0.0,0.0
199.0,4.145833333333333
-22.0,-0.4583333333333333
143.0,2.9791666666666665
0.0,0.0
0.0,0.0
733.0,15.270833333333334
-30.0,-0.625
0.0,0.0
0.0,0.0
144.0,3.0
858.0,17.875
272.0,5.666666666666667
-6.0,-0.125
9.0,0.1875
0.0,0.0
227.0,4.729166666666667
-49.0,-1.0208333333333333
770.0,16.041666666666668
0.0,0.0
480.0,10.0
0.0,0.0
0.0,0.0
-21.0,-0.4375
856.0,17.833333333333332
426.0,8.875
0.0,0.0
324.0,6.75
0.0,0.0
0.0,0.0
162.0,3.375
0.0,0.0
672.0,14.0
119.0,2.4791666666666665
0.0,0.0
120.0,2.5
-21.0,-0.4375
-22.0,-0.4583333333333333
93.0,1.9375
0.0,0.0
517.0,10.770833333333334
133.0,2.7708333333333335
3301.0,68.77083333333333
0.0,0.0
598.0,12.458333333333334
-21.0,-0.4375
-9.0,-0.1875
0.0,0.0
128.0,2.6666666666666665
278.0,5.791666666666667
-21.0,-0.4375
-21.0,-0.4375
463.0,9.645833333333334
87.0,1.8125
6.0,0.125
2162.0,45.041666666666664
-6.0,-0.125
734.0,15.291666666666666
141.0,2.9375
-30.0,-0.625
0.0,0.0
-21.0,-0.4375
-21.0,-0.4375
0.0,0.0
88.0,1.8333333333333333
280.0,5.833333333333333
-22.0,-0.4583333333333333
-3.0,-0.0625
140.0,2.9166666666666665
0.0,0.0
10.0,0.20833333333333334
144.0,3.0
-22.0,-0.4583333333333333
153.0,3.1875
144.0,3.0
0.0,0.0
3173.0,66.10416666666667
-24.0,-0.5
0.0,0.0
0.0,0.0
0.0,0.0
-9.0,-0.1875
87.0,1.8125
-18.0,-0.375
-133.0,-2.7708333333333335
260.0,5.416666666666667
0.0,0.0
576.0,12.0
380.0,7.916666666666667
-9.0,-0.1875
0.0,0.0
89.0,1.8541666666666667
164.0,3.4166666666666665
-24.0,-0.5
202.0,4.208333333333333
143.0,2.9791666666666665
402.0,8.375
809.0,16.854166666666668
0.0,0.0
0.0,0.0
1519.0,31.645833333333332
-21.0,-0.4375
354.0,7.375
0.0,0.0
205.0,4.270833333333333
-21.0,-0.4375
0.0,0.0
258.0,5.375
122.0,2.5416666666666665
130.0,2.7083333333333335
-21.0,-0.4375
-21.0,-0.4375
0.0,0.0
-15.0,-0.3125
-3.0,-0.0625
248.0,5.166666666666667
0.0,0.0
279.0,5.8125
0.0,0.0
-18.0,-0.375
0.0,0.0
127.0,2.6458333333333335
-21.0,-0.4375
475.0,9.895833333333334
-9.0,-0.1875
0.0,0.0
-34.0,-0.7083333333333334
-32.0,-0.6666666666666666
-32.0,-0.6666666666666666
40.0,0.8333333333333334
0.0,0.0
0.0,0.0
-21.0,-0.4375
-3.0,-0.0625
36.0,0.75
-63.0,-1.3125
273.0,5.6875
225.0,4.6875
0.0,0.0
2217.0,46.1875
-21.0,-0.4375
-15.0,-0.3125
0.0,0.0
138.0,2.875
0.0,0.0
0.0,0.0
-21.0,-0.4375
0.0,0.0
1469.0,30.604166666666668
167.0,3.4791666666666665
0.0,0.0
0.0,0.0
0.0,0.0
-3.0,-0.0625
-21.0,-0.4375
56.0,1.1666666666666667
339.0,7.0625
0.0,0.0
361.0,7.520833333333333
680.0,14.166666666666666
-21.0,-0.4375
845.0,17.604166666666668
0.0,0.0
0.0,0.0
113.0,2.3541666666666665
93.0,1.9375
7343.0,152.97916666666666
-23.0,-0.4791666666666667
-22.0,-0.4583333333333333
827.0,17.229166666666668
0.0,0.0
-21.0,-0.4375
-21.0,-0.4375
0.0,0.0
-18.0,-0.375
237.0,4.9375
0.0,0.0
-21.0,-0.4375
242.0,5.041666666666667
88.0,1.8333333333333333
288.0,6.0
288.0,6.0
-21.0,-0.4375
151.0,3.1458333333333335
0.0,0.0
-22.0,-0.4583333333333333
98.0,2.0416666666666665
602.0,12.541666666666666
338.0,7.041666666666667
-24.0,-0.5
-21.0,-0.4375
-21.0,-0.4375
-41.0,-0.8541666666666666
-22.0,-0.4583333333333333
314.0,6.541666666666667
-21.0,-0.4375
0.0,0.0
0.0,0.0
-21.0,-0.4375
0.0,0.0
-3.0,-0.0625
288.0,6.0
560.0,11.666666666666666
0.0,0.0
-21.0,-0.4375
-26.0,-0.5416666666666666
560.0,11.666666666666666
395.0,8.229166666666666
69.0,1.4375
100.0,2.0833333333333335
0.0,0.0
-70.0,-1.4583333333333333
-21.0,-0.4375
0.0,0.0
144.0,3.0
91.0,1.8958333333333333
96.0,2.0
1840.0,38.333333333333336
120.0,2.5
-21.0,-0.4375
280.0,5.833333333333333
1202.0,25.041666666666668
95.0,1.9791666666666667
0.0,0.0
0.0,0.0
0.0,0.0
-21.0,-0.4375
-6.0,-0.125
0.0,0.0
-23.0,-0.4791666666666667
-18.0,-0.375
39.0,0.8125
0.0,0.0
0.0,0.0
-21.0,-0.4375
1813.0,37.770833333333336
0.0,0.0
-22.0,-0.4583333333333333
191.0,3.9791666666666665
0.0,0.0
-9.0,-0.1875
-12.0,-0.25
0.0,0.0
207.0,4.3125
0.0,0.0
-23.0,-0.4791666666666667
0.0,0.0
1290.0,26.875
715.0,14.895833333333334
0.0,0.0
-3.0,-0.0625
-45.0,-0.9375
-3.0,-0.0625
0.0,0.0
409.0,8.520833333333334
0.0,0.0
-21.0,-0.4375
-22.0,-0.4583333333333333
-25.0,-0.5208333333333334
-22.0,-0.4583333333333333
0.0,0.0
174.0,3.625
272.0,5.666666666666667
529.0,11.020833333333334
-32.0,-0.6666666666666666
-30.0,-0.625
0.0,0.0
0.0,0.0
108.0,2.25
-12.0,-0.25
1029.0,21.4375
0.0,0.0
-6.0,-0.125
233.0,4.854166666666667
-21.0,-0.4375
142.0,2.9583333333333335
0.0,0.0
-45.0,-0.9375
-24.0,-0.5
0.0,0.0
920.0,19.166666666666668
0.0,0.0
113.0,2.3541666666666665
562.0,11.708333333333334
0.0,0.0
-3.0,-0.0625
0.0,0.0
-139.0,-2.8958333333333335
0.0,0.0
50.0,1.0416666666666667
118.0,2.4583333333333335
0.0,0.0
0.0,0.0
71.0,1.4791666666666667
141.0,2.9375
0.0,0.0
-9.0,-0.1875
271.0,5.645833333333333
232.0,4.833333333333333
345.0,7.1875
-26.0,-0.5416666666666666
42.0,0.875
-3.0,-0.0625
-15.0,-0.3125
-45.0,-0.9375
-21.0,-0.4375
36.0,0.75
-18.0,-0.375
0.0,0.0
-3.0,-0.0625
0.0,0.0
0.0,0.0
1042.0,21.708333333333332
-18.0,-0.375
122.0,2.5416666666666665
-3.0,-0.0625
0.0,0.0
-21.0,-0.4375
135.0,2.8125
-6.0,-0.125
0.0,0.0
0.0,0.0
-48.0,-1.0
0.0,0.0
73.0,1.5208333333333333
0.0,0.0
-3.0,-0.0625
197.0,4.104166666666667
256.0,5.333333333333333
0.0,0.0
-3.0,-0.0625
144.0,3.0
-21.0,-0.4375
64.0,1.3333333333333333
138.0,2.875
0.0,0.0
-18.0,-0.375
-21.0,-0.4375
667.0,13.895833333333334
-21.0,-0.4375
102.0,2.125
852.0,17.75
113.0,2.3541666666666665
-3.0,-0.0625
467.0,9.729166666666666
0.0,0.0
279.0,5.8125
142.0,2.9583333333333335
-6.0,-0.125
985.0,20.520833333333332
0.0,0.0
144.0,3.0
0.0,0.0
-15.0,-0.3125
0.0,0.0
-9.0,-0.1875
0.0,0.0
82.0,1.7083333333333333
347.0,7.229166666666667
-21.0,-0.4375
-9.0,-0.1875
70.0,1.4583333333333333
0.0,0.0
117.0,2.4375
0.0,0.0
0.0,0.0
66.0,1.375
0.0,0.0
-9.0,-0.1875
0.0,0.0
-21.0,-0.4375
-3.0,-0.0625
-39.0,-0.8125
0.0,0.0
127.0,2.6458333333333335
-3.0,-0.0625
78.0,1.625
-9.0,-0.1875
0.0,0.0
0.0,0.0
0.0,0.0
0.0,0.0
-21.0,-0.4375
73.0,1.5208333333333333
-15.0,-0.3125
0.0,0.0
-21.0,-0.4375
-21.0,-0.4375
-22.0,-0.4583333333333333
-6.0,-0.125
0.0,0.0
1420.0,29.583333333333332
-22.0,-0.4583333333333333
-6.0,-0.125
216.0,4.5
-6.0,-0.125
0.0,0.0
-55.0,-1.1458333333333333
334.0,6.958333333333333
135.0,2.8125
0.0,0.0
-21.0,-0.4375
-25.0,-0.5208333333333334
0.0,0.0
-48.0,-1.0
55.0,1.1458333333333333
-28.0,-0.5833333333333334
377.0,7.854166666666667
-6.0,-0.125
-32.0,-0.6666666666666666
77.0,1.6041666666666667
-9.0,-0.1875
96.0,2.0
-18.0,-0.375
0.0,0.0
-9.0,-0.1875
0.0,0.0
0.0,0.0
419.0,8.729166666666666
-24.0,-0.5
92.0,1.9166666666666667
-51.0,-1.0625
0.0,0.0
318.0,6.625
260.0,5.416666666666667
-22.0,-0.4583333333333333
-66.0,-1.375
-12.0,-0.25
0.0,0.0
0.0,0.0
0.0,0.0
-39.0,-0.8125
0.0,0.0
215.0,4.479166666666667
-105.0,-2.1875
-3.0,-0.0625
-3.0,-0.0625
-30.0,-0.625
2395.0,49.895833333333336
431.0,8.979166666666666
118.0,2.4583333333333335
3889.0,81.02083333333333
0.0,0.0
0.0,0.0
144.0,3.0
0.0,0.0
0.0,0.0
92.0,1.9166666666666667
0.0,0.0
0.0,0.0
-21.0,-0.4375
-21.0,-0.4375
294.0,6.125
539.0,11.229166666666666
144.0,3.0
0.0,0.0
129.0,2.6875
-21.0,-0.4375
285.0,5.9375
0.0,0.0
0.0,0.0
-22.0,-0.4583333333333333
-21.0,-0.4375
-21.0,-0.4375
0.0,0.0
0.0,0.0
-30.0,-0.625
0.0,0.0
0.0,0.0
-21.0,-0.4375
-23.0,-0.4791666666666667
-23.0,-0.4791666666666667
-22.0,-0.4583333333333333
-21.0,-0.4375
132.0,2.75
0.0,0.0
0.0,0.0
0.0,0.0
311.0,6.479166666666667
0.0,0.0
120.0,2.5
-15.0,-0.3125
0.0,0.0
69.0,1.4375
0.0,0.0
750.0,15.625
-3.0,-0.0625
-3.0,-0.0625
0.0,0.0
-57.0,-1.1875
-28.0,-0.5833333333333334
-21.0,-0.4375
-12.0,-0.25
-21.0,-0.4375
-21.0,-0.4375
128.0,2.6666666666666665
0.0,0.0
1458.0,30.375
-15.0,-0.3125
288.0,6.0
134.0,2.7916666666666665
135.0,2.8125
0.0,0.0
0.0,0.0
-6.0,-0.125
0.0,0.0
-9.0,-0.1875
966.0,20.125
106.0,2.2083333333333335
-12.0,-0.25
144.0,3.0
0.0,0.0
116.0,2.4166666666666665
42.0,0.875
-21.0,-0.4375
73.0,1.5208333333333333
0.0,0.0
402.0,8.375
102.0,2.125
134.0,2.7916666666666665
-21.0,-0.4375
-39.0,-0.8125
-3.0,-0.0625
-22.0,-0.4583333333333333
-42.0,-0.875
-15.0,-0.3125
-23.0,-0.4791666666666667
429.0,8.9375
0.0,0.0
300.0,6.25
84.0,1.75
-22.0,-0.4583333333333333
-21.0,-0.4375
-3.0,-0.0625
-3.0,-0.0625
-18.0,-0.375
0.0,0.0
412.0,8.583333333333334
0.0,0.0
-27.0,-0.5625
132.0,2.75
172.0,3.5833333333333335
-28.0,-0.5833333333333334
0.0,0.0
0.0,0.0
312.0,6.5
-36.0,-0.75
763.0,15.895833333333334
745.0,15.520833333333334
436.0,9.083333333333334
-12.0,-0.25
-3.0,-0.0625
0.0,0.0
72.0,1.5
-27.0,-0.5625
0.0,0.0
-26.0,-0.5416666666666666
-25.0,-0.5208333333333334
0.0,0.0
176.0,3.6666666666666665
0.0,0.0
-40.0,-0.8333333333333334
-54.0,-1.125
-21.0,-0.4375
-3.0,-0.0625
0.0,0.0
0.0,0.0
-36.0,-0.75
888.0,18.5
2449.0,51.020833333333336
-6.0,-0.125
-144.0,-3.0
-3.0,-0.0625
-66.0,-1.375
0.0,0.0
-21.0,-0.4375
0.0,0.0
-54.0,-1.125
-32.0,-0.6666666666666666
0.0,0.0
-98.0,-2.0416666666666665
-21.0,-0.4375
327.0,6.8125
0.0,0.0
-82.0,-1.7083333333333333
0.0,0.0
-23.0,-0.4791666666666667
0.0,0.0
-21.0,-0.4375
0.0,0.0
1592.0,33.166666666666664
-9.0,-0.1875
-33.0,-0.6875
226.0,4.708333333333333
50.0,1.0416666666666667
-21.0,-0.4375
-6.0,-0.125
2018.0,42.041666666666664
839.0,17.479166666666668
0.0,0.0
-15.0,-0.3125
-12.0,-0.25
0.0,0.0
0.0,0.0
0.0,0.0
-78.0,-1.625
0.0,0.0
-3.0,-0.0625
-106.0,-2.2083333333333335
-3.0,-0.0625
0.0,0.0
0.0,0.0
134.0,2.7916666666666665
413.0,8.604166666666666
0.0,0.0
94.0,1.9583333333333333
0.0,0.0
-86.0,-1.7916666666666667
0.0,0.0
-3.0,-0.0625
-3.0,-0.0625
-60.0,-1.25
-15.0,-0.3125
-15.0,-0.3125
144.0,3.0
130.0,2.7083333333333335
0.0,0.0
0.0,0.0
140.0,2.9166666666666665
0.0,0.0
0.0,0.0
0.0,0.0
138.0,2.875
-3.0,-0.0625
144.0,3.0
0.0,0.0
751.0,15.645833333333334
731.0,15.229166666666666
0.0,0.0
-144.0,-3.0
0.0,0.0
144.0,3.0
-12.0,-0.25
0.0,0.0
0.0,0.0
-22.0,-0.4583333333333333
20.0,0.4166666666666667
-21.0,-0.4375
-144.0,-3.0
0.0,0.0
-33.0,-0.6875
-21.0,-0.4375
0.0,0.0
399.0,8.3125
-21.0,-0.4375
-144.0,-3.0
188.0,3.9166666666666665
491.0,10.229166666666666
0.0,0.0
78.0,1.625
252.0,5.25
98.0,2.0416666666666665
218.0,4.541666666666667
0.0,0.0
-18.0,-0.375
0.0,0.0
635.0,13.229166666666666
81.0,1.6875
0.0,0.0
277.0,5.770833333333333
-144.0,-3.0
69.0,1.4375
143.0,2.9791666666666665
120.0,2.5
0.0,0.0
108.0,2.25
-21.0,-0.4375
489.0,10.1875
0.0,0.0
0.0,0.0
-115.0,-2.3958333333333335
0.0,0.0
-3.0,-0.0625
129.0,2.6875
818.0,17.041666666666668
0.0,0.0
-22.0,-0.4583333333333333
-112.0,-2.3333333333333335
357.0,7.4375
0.0,0.0
0.0,0.0
0.0,0.0
-3.0,-0.0625
0.0,0.0
0.0,0.0
-28.0,-0.5833333333333334
0.0,0.0
0.0,0.0
-24.0,-0.5
0.0,0.0
-80.0,-1.6666666666666667
0.0,0.0
0.0,0.0
0.0,0.0
-6.0,-0.125
629.0,13.104166666666666
-15.0,-0.3125
0.0,0.0
179.0,3.7291666666666665
0.0,0.0
0.0,0.0
0.0,0.0
85.0,1.7708333333333333
0.0,0.0
409.0,8.520833333333334
-24.0,-0.5
88.0,1.8333333333333333
-15.0,-0.3125
0.0,0.0
139.0,2.8958333333333335
0.0,0.0
0.0,0.0
-22.0,-0.4583333333333333
-21.0,-0.4375
0.0,0.0
0.0,0.0
0.0,0.0
-24.0,-0.5
1035.0,21.5625
0.0,0.0
0.0,0.0
0.0,0.0
242.0,5.041666666666667
-18.0,-0.375
-21.0,-0.4375
0.0,0.0
0.0,0.0
0.0,0.0
0.0,0.0
246.0,5.125
0.0,0.0
3096.0,64.5
0.0,0.0
0.0,0.0
0.0,0.0
-21.0,-0.4375
0.0,0.0
0.0,0.0
0.0,0.0
0.0,0.0
0.0,0.0
0.0,0.0
48.0,1.0
-24.0,-0.5
-3.0,-0.0625
0.0,0.0
133.0,2.7708333333333335
130.0,2.7083333333333335
0.0,0.0
0.0,0.0
-3.0,-0.0625
0.0,0.0
273.0,5.6875
0.0,0.0
108.0,2.25
0.0,0.0
0.0,0.0
144.0,3.0
0.0,0.0
0.0,0.0
0.0,0.0
-21.0,-0.4375
0.0,0.0
0.0,0.0
0.0,0.0
144.0,3.0
0.0,0.0
0.0,0.0
0.0,0.0
-15.0,-0.3125
0.0,0.0
0.0,0.0
0.0,0.0
0.0,0.0
-21.0,-0.4375
-3.0,-0.0625
0.0,0.0
-22.0,-0.4583333333333333
695.0,14.479166666666666
-3.0,-0.0625
-12.0,-0.25
-3.0,-0.0625
0.0,0.0
0.0,0.0
0.0,0.0
-22.0,-0.4583333333333333
-6.0,-0.125
-30.0,-0.625
-6.0,-0.125
0.0,0.0
98.0,2.0416666666666665
0.0,0.0
126.0,2.625
0.0,0.0
-23.0,-0.4791666666666667
181.0,3.7708333333333335
-3.0,-0.0625
0.0,0.0
103.0,2.1458333333333335
-15.0,-0.3125
0.0,0.0
-6.0,-0.125
-40.0,-0.8333333333333334
471.0,9.8125
514.0,10.708333333333334
-6.0,-0.125
0.0,0.0
-21.0,-0.4375
-21.0,-0.4375
0.0,0.0
0.0,0.0
-6.0,-0.125
-3.0,-0.0625
0.0,0.0
-3.0,-0.0625
-21.0,-0.4375
-18.0,-0.375
-3.0,-0.0625
0.0,0.0
303.0,6.3125
0.0,0.0
-6.0,-0.125
144.0,3.0
-128.0,-2.6666666666666665
0.0,0.0
-21.0,-0.4375
-6.0,-0.125
-9.0,-0.1875
111.0,2.3125
0.0,0.0
0.0,0.0
0.0,0.0
105.0,2.1875
-21.0,-0.4375
-21.0,-0.4375
0.0,0.0
0.0,0.0
0.0,0.0
-21.0,-0.4375
-22.0,-0.4583333333333333
-21.0,-0.4375
1917.0,39.9375
4495.0,93.64583333333333
0.0,0.0
1727.0,35.979166666666664
144.0,3.0
0.0,0.0
0.0,0.0
-25.0,-0.5208333333333334
0.0,0.0
0.0,0.0
144.0,3.0
0.0,0.0
1436.0,29.916666666666668
0.0,0.0
0.0,0.0
-21.0,-0.4375
0.0,0.0
-3.0,-0.0625
0.0,0.0
0.0,0.0
99.0,2.0625
0.0,0.0
0.0,0.0
-30.0,-0.625
261.0,5.4375
0.0,0.0
605.0,12.604166666666666
0.0,0.0
234.0,4.875
139.0,2.8958333333333335
935.0,19.479166666666668
367.0,7.645833333333333
270.0,5.625
107.0,2.2291666666666665
0.0,0.0
271.0,5.645833333333333
94.0,1.9583333333333333
0.0,0.0
-21.0,-0.4375
-15.0,-0.3125
0.0,0.0
-3.0,-0.0625
0.0,0.0
0.0,0.0
62.0,1.2916666666666667
-9.0,-0.1875
0.0,0.0
57.0,1.1875
133.0,2.7708333333333335
-21.0,-0.4375
0.0,0.0
0.0,0.0
-18.0,-0.375
144.0,3.0
0.0,0.0
-22.0,-0.4583333333333333
0.0,0.0
0.0,0.0
100.0,2.0833333333333335
144.0,3.0
0.0,0.0
-30.0,-0.625
-22.0,-0.4583333333333333
-22.0,-0.4583333333333333
-98.0,-2.0416666666666665
0.0,0.0
-3.0,-0.0625
2096.0,43.666666666666664
0.0,0.0
266.0,5.541666666666667
130.0,2.7083333333333335
0.0,0.0
336.0,7.0
-54.0,-1.125
143.0,2.9791666666666665
-34.0,-0.7083333333333334
96.0,2.0
0.0,0.0
0.0,0.0
2973.0,61.9375
0.0,0.0
0.0,0.0
0.0,0.0
-21.0,-0.4375
-6.0,-0.125
-37.0,-0.7708333333333334
-54.0,-1.125
284.0,5.916666666666667
0.0,0.0
-21.0,-0.4375
144.0,3.0
172.0,3.5833333333333335
0.0,0.0
0.0,0.0
0.0,0.0
132.0,2.75
419.0,8.729166666666666
-57.0,-1.1875
-51.0,-1.0625
140.0,2.9166666666666665
139.0,2.8958333333333335
0.0,0.0
-34.0,-0.7083333333333334
-12.0,-0.25
-22.0,-0.4583333333333333
144.0,3.0
0.0,0.0
-21.0,-0.4375
0.0,0.0
-21.0,-0.4375
0.0,0.0
0.0,0.0
0.0,0.0
411.0,8.5625
0.0,0.0
0.0,0.0
138.0,2.875
0.0,0.0
22.0,0.4583333333333333
0.0,0.0
-21.0,-0.4375
60.0,1.25
0.0,0.0
0.0,0.0
0.0,0.0
0.0,0.0
-27.0,-0.5625
-3.0,-0.0625
855.0,17.8125
144.0,3.0
-1.0,-0.020833333333333332
-125.0,-2.6041666666666665
0.0,0.0
-9.0,-0.1875
0.0,0.0
-6.0,-0.125
0.0,0.0
-76.0,-1.5833333333333333
-21.0,-0.4375
0.0,0.0
0.0,0.0
0.0,0.0
-33.0,-0.6875
-48.0,-1.0
0.0,0.0
244.0,5.083333333333333
-21.0,-0.4375
-21.0,-0.4375
0.0,0.0
1344.0,28.0
-15.0,-0.3125
-18.0,-0.375
38.0,0.7916666666666666
0.0,0.0
-3.0,-0.0625
0.0,0.0
0.0,0.0
0.0,0.0
-44.0,-0.9166666666666666
720.0,15.0
-3.0,-0.0625
-23.0,-0.4791666666666667
0.0,0.0
0.0,0.0
0.0,0.0
0.0,0.0
243.0,5.0625
-21.0,-0.4375
0.0,0.0
3481.0,72.52083333333333
0.0,0.0
-21.0,-0.4375
222.0,4.625
0.0,0.0
0.0,0.0
0.0,0.0
66.0,1.375
0.0,0.0
-9.0,-0.1875
-27.0,-0.5625
0.0,0.0
-21.0,-0.4375
-21.0,-0.4375
-15.0,-0.3125
0.0,0.0
0.0,0.0
-23.0,-0.4791666666666667
0.0,0.0
66.0,1.375
0.0,0.0
0.0,0.0
-21.0,-0.4375
0.0,0.0
0.0,0.0
39.0,0.8125
0.0,0.0
-9.0,-0.1875
-6.0,-0.125
-21.0,-0.4375
-21.0,-0.4375
0.0,0.0
-3.0,-0.0625
-22.0,-0.4583333333333333
0.0,0.0
0.0,0.0
-21.0,-0.4375
0.0,0.0
0.0,0.0
-31.0,-0.6458333333333334
0.0,0.0
-3.0,-0.0625
-24.0,-0.5
0.0,0.0
0.0,0.0
0.0,0.0
0.0,0.0
-21.0,-0.4375
-12.0,-0.25
-1.0,-0.020833333333333332
-9.0,-0.1875
-6.0,-0.125
-39.0,-0.8125
-3.0,-0.0625
-21.0,-0.4375
0.0,0.0
0.0,0.0
0.0,0.0
-24.0,-0.5
-25.0,-0.5208333333333334
-25.0,-0.5208333333333334
0.0,0.0
0.0,0.0
-36.0,-0.75
0.0,0.0
-21.0,-0.4375
-106.0,-2.2083333333333335
-3.0,-0.0625
-48.0,-1.0
0.0,0.0
0.0,0.0
0.0,0.0
0.0,0.0
-21.0,-0.4375
0.0,0.0
0.0,0.0
0.0,0.0
0.0,0.0
0.0,0.0
0.0,0.0
-48.0,-1.0
-48.0,-1.0
-23.0,-0.4791666666666667
0.0,0.0
-15.0,-0.3125
0.0,0.0
-6.0,-0.125
1000.0,20.833333333333332
-22.0,-0.4583333333333333
0.0,0.0
0.0,0.0
285.0,5.9375
329.0,6.854166666666667
-6.0,-0.125
0.0,0.0
0.0,0.0
-83.0,-1.7291666666666667
-61.0,-1.2708333333333333
-124.0,-2.5833333333333335
-45.0,-0.9375
0.0,0.0
0.0,0.0
0.0,0.0
235.0,4.895833333333333
447.0,9.3125
0.0,0.0
0.0,0.0
-21.0,-0.4375
0.0,0.0
0.0,0.0
-21.0,-0.4375
173.0,3.6041666666666665
-22.0,-0.4583333333333333
-21.0,-0.4375
217.0,4.520833333333333
4443.0,92.5625
-18.0,-0.375
0.0,0.0
1101.0,22.9375
671.0,13.979166666666666
0.0,0.0
-21.0,-0.4375
0.0,0.0
-22.0,-0.4583333333333333
-21.0,-0.4375
-21.0,-0.4375
0.0,0.0
0.0,0.0
0.0,0.0
-21.0,-0.4375
-21.0,-0.4375
55.0,1.1458333333333333
-21.0,-0.4375
-21.0,-0.4375
-22.0,-0.4583333333333333
1171.0,24.395833333333332
-21.0,-0.4375
-126.0,-2.625
0.0,0.0
0.0,0.0
0.0,0.0
-21.0,-0.4375
-24.0,-0.5
-12.0,-0.25
0.0,0.0
882.0,18.375
-25.0,-0.5208333333333334
-56.0,-1.1666666666666667
-3.0,-0.0625
0.0,0.0
51.0,1.0625
-21.0,-0.4375
-21.0,-0.4375
0.0,0.0
0.0,0.0
0.0,0.0
-53.0,-1.1041666666666667
-21.0,-0.4375
0.0,0.0
1706.0,35.541666666666664
-57.0,-1.1875
0.0,0.0
-21.0,-0.4375
295.0,6.145833333333333
56.0,1.1666666666666667
-32.0,-0.6666666666666666
4515.0,94.0625
-122.0,-2.5416666666666665
247.0,5.145833333333333
0.0,0.0
-6.0,-0.125
0.0,0.0
0.0,0.0
0.0,0.0
-31.0,-0.6458333333333334
-6.0,-0.125
925.0,19.270833333333332
0.0,0.0
-23.0,-0.4791666666666667
-22.0,-0.4583333333333333
274.0,5.708333333333333
0.0,0.0
175.0,3.6458333333333335
-22.0,-0.4583333333333333
0.0,0.0
-23.0,-0.4791666666666667
0.0,0.0
0.0,0.0
421.0,8.770833333333334
-113.0,-2.3541666666666665
0.0,0.0
0.0,0.0
-45.0,-0.9375
-6.0,-0.125
-3.0,-0.0625
-34.0,-0.7083333333333334
0.0,0.0
-21.0,-0.4375
-62.0,-1.2916666666666667
0.0,0.0
710.0,14.791666666666666
253.0,5.270833333333333
-21.0,-0.4375
350.0,7.291666666666667
0.0,0.0
-21.0,-0.4375
-22.0,-0.4583333333333333
1198.0,24.958333333333332
525.0,10.9375
-18.0,-0.375
-22.0,-0.4583333333333333
-21.0,-0.4375
-22.0,-0.4583333333333333
-22.0,-0.4583333333333333
-24.0,-0.5
31.0,0.6458333333333334
-15.0,-0.3125
-18.0,-0.375
-79.0,-1.6458333333333333
134.0,2.7916666666666665
-22.0,-0.4583333333333333
0.0,0.0
84.0,1.75
104.0,2.1666666666666665
780.0,16.25
143.0,2.9791666666666665
30.0,0.625
227.0,4.729166666666667
-57.0,-1.1875
-22.0,-0.4583333333333333
-36.0,-0.75
-21.0,-0.4375
0.0,0.0
0.0,0.0
0.0,0.0
-73.0,-1.5208333333333333
-29.0,-0.6041666666666666
-21.0,-0.4375
0.0,0.0
251.0,5.229166666666667
885.0,18.4375
-30.0,-0.625
-43.0,-0.8958333333333334
506.0,10.541666666666666
-24.0,-0.5
-92.0,-1.9166666666666667
0.0,0.0
0.0,0.0
-15.0,-0.3125
-21.0,-0.4375
-95.0,-1.9791666666666667
-18.0,-0.375
0.0,0.0
-21.0,-0.4375
-3.0,-0.0625
0.0,0.0
1383.0,28.8125
-23.0,-0.4791666666666667
80.0,1.6666666666666667
138.0,2.875
0.0,0.0
138.0,2.875
5.0,0.10416666666666667
0.0,0.0
-21.0,-0.4375
442.0,9.208333333333334
144.0,3.0
297.0,6.1875
-9.0,-0.1875
-3.0,-0.0625
0.0,0.0
425.0,8.854166666666666
37.0,0.7708333333333334
0.0,0.0
0.0,0.0
162.0,3.375
-90.0,-1.875
0.0,0.0
226.0,4.708333333333333
-3.0,-0.0625
-21.0,-0.4375
-9.0,-0.1875
-21.0,-0.4375
-46.0,-0.9583333333333334
-21.0,-0.4375
1596.0,33.25
0.0,0.0
0.0,0.0
487.0,10.145833333333334
-3.0,-0.0625
3914.0,81.54166666666667
-42.0,-0.875
144.0,3.0
-22.0,-0.4583333333333333
-21.0,-0.4375
0.0,0.0
-21.0,-0.4375
622.0,12.958333333333334
0.0,0.0
-9.0,-0.1875
-21.0,-0.4375
94.0,1.9583333333333333
-21.0,-0.4375
0.0,0.0
-24.0,-0.5
0.0,0.0
21.0,0.4375
92.0,1.9166666666666667
0.0,0.0
-21.0,-0.4375
189.0,3.9375
95.0,1.9791666666666667
-121.0,-2.5208333333333335
1920.0,40.0
550.0,11.458333333333334
-21.0,-0.4375
7.0,0.14583333333333334
572.0,11.916666666666666
131.0,2.7291666666666665
-21.0,-0.4375
0.0,0.0
0.0,0.0
-21.0,-0.4375
0.0,0.0
594.0,12.375
288.0,6.0
-23.0,-0.4791666666666667
-9.0,-0.1875
144.0,3.0
0.0,0.0
0.0,0.0
400.0,8.333333333333334
-23.0,-0.4791666666666667
-23.0,-0.4791666666666667
144.0,3.0
0.0,0.0
144.0,3.0
-15.0,-0.3125
-24.0,-0.5
0.0,0.0
404.0,8.416666666666666
0.0,0.0
109.0,2.2708333333333335
155.0,3.2291666666666665
0.0,0.0
257.0,5.354166666666667
262.0,5.458333333333333
-35.0,-0.7291666666666666
314.0,6.541666666666667
316.0,6.583333333333333
-18.0,-0.375
0.0,0.0
144.0,3.0
68.0,1.4166666666666667
288.0,6.0
111.0,2.3125
0.0,0.0
138.0,2.875
-6.0,-0.125
-23.0,-0.4791666666666667
131.0,2.7291666666666665
22.0,0.4583333333333333
0.0,0.0
-28.0,-0.5833333333333334
219.0,4.5625
5.0,0.10416666666666667
-73.0,-1.5208333333333333
122.0,2.5416666666666665
-6.0,-0.125
252.0,5.25
821.0,17.104166666666668
0.0,0.0
0.0,0.0
236.0,4.916666666666667
0.0,0.0
0.0,0.0
-21.0,-0.4375
0.0,0.0
0.0,0.0
-81.0,-1.6875
0.0,0.0
0.0,0.0
31.0,0.6458333333333334
144.0,3.0
3007.0,62.645833333333336
-39.0,-0.8125
0.0,0.0
220.0,4.583333333333333
-32.0,-0.6666666666666666
0.0,0.0
138.0,2.875
-33.0,-0.6875
-27.0,-0.5625
0.0,0.0
3276.0,68.25
108.0,2.25
353.0,7.354166666666667
-21.0,-0.4375
689.0,14.354166666666666
-3.0,-0.0625
0.0,0.0
-96.0,-2.0
258.0,5.375
-144.0,-3.0
118.0,2.4583333333333335
142.0,2.9583333333333335
0.0,0.0
-22.0,-0.4583333333333333
0.0,0.0
-99.0,-2.0625
0.0,0.0
204.0,4.25
0.0,0.0
0.0,0.0
0.0,0.0
481.0,10.020833333333334
-6.0,-0.125
0.0,0.0
0.0,0.0
0.0,0.0
0.0,0.0
0.0,0.0
143.0,2.9791666666666665
0.0,0.0
0.0,0.0
-21.0,-0.4375
-15.0,-0.3125
121.0,2.5208333333333335
-42.0,-0.875
0.0,0.0
-33.0,-0.6875
0.0,0.0
-144.0,-3.0
0.0,0.0
-3.0,-0.0625
0.0,0.0
432.0,9.0
0.0,0.0
-15.0,-0.3125
-21.0,-0.4375
414.0,8.625
0.0,0.0
0.0,0.0
1284.0,26.75
0.0,0.0
-114.0,-2.375
-144.0,-3.0
-53.0,-1.1041666666666667
0.0,0.0
0.0,0.0
-3.0,-0.0625
78.0,1.625
282.0,5.875
144.0,3.0
0.0,0.0
126.0,2.625
-21.0,-0.4375
273.0,5.6875
0.0,0.0
0.0,0.0
259.0,5.395833333333333
344.0,7.166666666666667
-21.0,-0.4375
244.0,5.083333333333333
99.0,2.0625
-3.0,-0.0625
0.0,0.0
-3.0,-0.0625
-120.0,-2.5
-144.0,-3.0
0.0,0.0
0.0,0.0
58.0,1.2083333333333333
781.0,16.270833333333332
0.0,0.0
0.0,0.0
-15.0,-0.3125
286.0,5.958333333333333
0.0,0.0
576.0,12.0
0.0,0.0
0.0,0.0
-106.0,-2.2083333333333335
0.0,0.0
96.0,2.0
0.0,0.0
-21.0,-0.4375
-15.0,-0.3125
141.0,2.9375
0.0,0.0
-9.0,-0.1875
144.0,3.0
-22.0,-0.4583333333333333
-32.0,-0.6666666666666666
138.0,2.875
576.0,12.0
61.0,1.2708333333333333
-35.0,-0.7291666666666666
0.0,0.0
0.0,0.0
0.0,0.0
-84.0,-1.75
-21.0,-0.4375
1483.0,30.895833333333332
0.0,0.0
0.0,0.0
-133.0,-2.7708333333333335
358.0,7.458333333333333
264.0,5.5
-21.0,-0.4375
144.0,3.0
234.0,4.875
-6.0,-0.125
251.0,5.229166666666667
153.0,3.1875
132.0,2.75
419.0,8.729166666666666
82.0,1.7083333333333333
0.0,0.0
133.0,2.7708333333333335
0.0,0.0
0.0,0.0
3.0,0.0625
-24.0,-0.5
1413.0,29.4375
0.0,0.0
756.0,15.75
144.0,3.0
23.0,0.4791666666666667
-6.0,-0.125
-3.0,-0.0625
-18.0,-0.375
173.0,3.6041666666666665
0.0,0.0
221.0,4.604166666666667
0.0,0.0
-15.0,-0.3125
1206.0,25.125
633.0,13.1875
354.0,7.375
0.0,0.0
0.0,0.0
-24.0,-0.5
0.0,0.0
115.0,2.3958333333333335
-3.0,-0.0625
0.0,0.0
0.0,0.0
0.0,0.0
0.0,0.0
-45.0,-0.9375
-15.0,-0.3125
-41.0,-0.8541666666666666
-15.0,-0.3125
-42.0,-0.875
-36.0,-0.75
120.0,2.5
-22.0,-0.4583333333333333
597.0,12.4375
-57.0,-1.1875
-42.0,-0.875
-21.0,-0.4375
138.0,2.875
448.0,9.333333333333334
-45.0,-0.9375
-30.0,-0.625
0.0,0.0
220.0,4.583333333333333
-6.0,-0.125
-18.0,-0.375
-33.0,-0.6875
834.0,17.375
110.0,2.2916666666666665
5.0,0.10416666666666667
83.0,1.7291666666666667
-15.0,-0.3125
0.0,0.0
136.0,2.8333333333333335
-21.0,-0.4375
0.0,0.0
-9.0,-0.1875
-24.0,-0.5
412.0,8.583333333333334
0.0,0.0
-21.0,-0.4375
0.0,0.0
-27.0,-0.5625
517.0,10.770833333333334
138.0,2.875
-128.0,-2.6666666666666665
-6.0,-0.125
0.0,0.0
120.0,2.5
197.0,4.104166666666667
108.0,2.25
0.0,0.0
-21.0,-0.4375
144.0,3.0
266.0,5.541666666666667
1018.0,21.208333333333332
0.0,0.0
0.0,0.0
0.0,0.0
-24.0,-0.5
31.0,0.6458333333333334
112.0,2.3333333333333335
0.0,0.0
-39.0,-0.8125
-3.0,-0.0625
0.0,0.0
48.0,1.0
141.0,2.9375
315.0,6.5625
-52.0,-1.0833333333333333
103.0,2.1458333333333335
0.0,0.0
-15.0,-0.3125
0.0,0.0
266.0,5.541666666666667
87.0,1.8125
-15.0,-0.3125
0.0,0.0
382.0,7.958333333333333
401.0,8.354166666666666
-21.0,-0.4375
-144.0,-3.0
142.0,2.9583333333333335
78.0,1.625
-3.0,-0.0625
0.0,0.0
913.0,19.020833333333332
0.0,0.0
0.0,0.0
-105.0,-2.1875
81.0,1.6875
288.0,6.0
0.0,0.0
0.0,0.0
-6.0,-0.125
0.0,0.0
0.0,0.0
66.0,1.375
345.0,7.1875
0.0,0.0
777.0,16.1875
0.0,0.0
0.0,0.0
-23.0,-0.4791666666666667
-3.0,-0.0625
-48.0,-1.0
0.0,0.0
1278.0,26.625
-12.0,-0.25
809.0,16.854166666666668
31.0,0.6458333333333334
-15.0,-0.3125
144.0,3.0
-21.0,-0.4375
0.0,0.0
276.0,5.75
510.0,10.625
876.0,18.25
0.0,0.0
63.0,1.3125
0.0,0.0
0.0,0.0
0.0,0.0
1733.0,36.104166666666664
-21.0,-0.4375
164.0,3.4166666666666665
0.0,0.0
-21.0,-0.4375
0.0,0.0
257.0,5.354166666666667
132.0,2.75
144.0,3.0
-6.0,-0.125
-33.0,-0.6875
-144.0,-3.0
-6.0,-0.125
764.0,15.916666666666666
-12.0,-0.25
194.0,4.041666666666667
0.0,0.0
-21.0,-0.4375
127.0,2.6458333333333335
0.0,0.0
148.0,3.0833333333333335
213.0,4.4375
0.0,0.0
288.0,6.0
0.0,0.0
0.0,0.0
-21.0,-0.4375
-18.0,-0.375
0.0,0.0
0.0,0.0
0.0,0.0
74.0,1.5416666666666667
1094.0,22.791666666666668
288.0,6.0
350.0,7.291666666666667
1179.0,24.5625
-3.0,-0.0625
441.0,9.1875
-6.0,-0.125
120.0,2.5
63.0,1.3125
-18.0,-0.375
-24.0,-0.5
0.0,0.0
0.0,0.0
0.0,0.0
437.0,9.104166666666666
0.0,0.0
-9.0,-0.1875
0.0,0.0
1168.0,24.333333333333332
-42.0,-0.875
171.0,3.5625
-28.0,-0.5833333333333334
-31.0,-0.6458333333333334
0.0,0.0
0.0,0.0
0.0,0.0
328.0,6.833333333333333
125.0,2.6041666666666665
263.0,5.479166666666667
-30.0,-0.625
-21.0,-0.4375
0.0,0.0
-57.0,-1.1875
-21.0,-0.4375
0.0,0.0
-21.0,-0.4375
-21.0,-0.4375
842.0,17.541666666666668
144.0,3.0
354.0,7.375
87.0,1.8125
-36.0,-0.75
-21.0,-0.4375
1174.0,24.458333333333332
669.0,13.9375
0.0,0.0
513.0,10.6875
0.0,0.0
-21.0,-0.4375
17.0,0.3541666666666667
450.0,9.375
140.0,2.9166666666666665
983.0,20.479166666666668
0.0,0.0
594.0,12.375
-24.0,-0.5
-21.0,-0.4375
17.0,0.3541666666666667
0.0,0.0
140.0,2.9166666666666665
210.0,4.375
-21.0,-0.4375
628.0,13.083333333333334
0.0,0.0
138.0,2.875
0.0,0.0
0.0,0.0
496.0,10.333333333333334
144.0,3.0
138.0,2.875
0.0,0.0
144.0,3.0
5.0,0.10416666666666667
431.0,8.979166666666666
60.0,1.25
4245.0,88.4375
104.0,2.1666666666666665
0.0,0.0
-9.0,-0.1875
0.0,0.0
464.0,9.666666666666666
-22.0,-0.4583333333333333
144.0,3.0
65.0,1.3541666666666667
0.0,0.0
-6.0,-0.125
144.0,3.0
0.0,0.0
-57.0,-1.1875
-6.0,-0.125
-30.0,-0.625
425.0,8.854166666666666
0.0,0.0
54.0,1.125
0.0,0.0
0.0,0.0
0.0,0.0
0.0,0.0
0.0,0.0
0.0,0.0
-15.0,-0.3125
111.0,2.3125
0.0,0.0
0.0,0.0
590.0,12.291666666666666
114.0,2.375
0.0,0.0
288.0,6.0
18.0,0.375
532.0,11.083333333333334
1060.0,22.083333333333332
0.0,0.0
107.0,2.2291666666666665
0.0,0.0
-3.0,-0.0625
0.0,0.0
-21.0,-0.4375
-22.0,-0.4583333333333333
-15.0,-0.3125
0.0,0.0
180.0,3.75
-21.0,-0.4375
-54.0,-1.125
249.0,5.1875
344.0,7.166666666666667
117.0,2.4375
0.0,0.0
0.0,0.0
1073.0,22.354166666666668
375.0,7.8125
252.0,5.25
30.0,0.625
-21.0,-0.4375
-3.0,-0.0625
0.0,0.0
0.0,0.0
0.0,0.0
0.0,0.0
185.0,3.8541666666666665
84.0,1.75
0.0,0.0
1012.0,21.083333333333332
-21.0,-0.4375
114.0,2.375
0.0,0.0
-3.0,-0.0625
102.0,2.125
-36.0,-0.75
-21.0,-0.4375
0.0,0.0
-21.0,-0.4375
400.0,8.333333333333334
0.0,0.0
0.0,0.0
0.0,0.0
-24.0,-0.5
0.0,0.0
0.0,0.0
-72.0,-1.5
-22.0,-0.4583333333333333
-60.0,-1.25
74.0,1.5416666666666667
288.0,6.0
144.0,3.0
0.0,0.0
0.0,0.0
-24.0,-0.5
54.0,1.125
105.0,2.1875
-3.0,-0.0625
-78.0,-1.625
-6.0,-0.125
-22.0,-0.4583333333333333
-33.0,-0.6875
0.0,0.0
-85.0,-1.7708333333333333
-12.0,-0.25
0.0,0.0
-30.0,-0.625
-22.0,-0.4583333333333333
-22.0,-0.4583333333333333
88.0,1.8333333333333333
-89.0,-1.8541666666666667
110.0,2.2916666666666665
0.0,0.0
-144.0,-3.0
-44.0,-0.9166666666666666
0.0,0.0
133.0,2.7708333333333335
0.0,0.0
0.0,0.0
0.0,0.0
0.0,0.0
211.0,4.395833333333333
81.0,1.6875
-9.0,-0.1875
-105.0,-2.1875
1847.0,38.479166666666664
-69.0,-1.4375
115.0,2.3958333333333335
-9.0,-0.1875
0.0,0.0
0.0,0.0
0.0,0.0
-12.0,-0.25
-33.0,-0.6875
126.0,2.625
223.0,4.645833333333333
-23.0,-0.4791666666666667
404.0,8.416666666666666
0.0,0.0
0.0,0.0
0.0,0.0
-36.0,-0.75
138.0,2.875
0.0,0.0
-24.0,-0.5
0.0,0.0
0.0,0.0
-21.0,-0.4375
781.0,16.270833333333332
2556.0,53.25
-21.0,-0.4375
124.0,2.5833333333333335
0.0,0.0
-31.0,-0.6458333333333334
0.0,0.0
-9.0,-0.1875
-3.0,-0.0625
371.0,7.729166666666667
0.0,0.0
144.0,3.0
1242.0,25.875
0.0,0.0
-143.0,-2.9791666666666665
144.0,3.0
0.0,0.0
-3.0,-0.0625
0.0,0.0
0.0,0.0
0.0,0.0
0.0,0.0
379.0,7.895833333333333
126.0,2.625
0.0,0.0
285.0,5.9375
395.0,8.229166666666666
0.0,0.0
402.0,8.375
0.0,0.0
138.0,2.875
0.0,0.0
82.0,1.7083333333333333
-24.0,-0.5
0.0,0.0
696.0,14.5
258.0,5.375
0.0,0.0
0.0,0.0
720.0,15.0
101.0,2.1041666666666665
1571.0,32.729166666666664
-21.0,-0.4375
161.0,3.3541666666666665
0.0,0.0
96.0,2.0
-144.0,-3.0
-30.0,-0.625
722.0,15.041666666666666
198.0,4.125
196.0,4.083333333333333
-21.0,-0.4375
-63.0,-1.3125
0.0,0.0
-15.0,-0.3125
540.0,11.25
381.0,7.9375
-30.0,-0.625
-21.0,-0.4375
522.0,10.875
-3.0,-0.0625
-21.0,-0.4375
0.0,0.0
0.0,0.0
254.0,5.291666666666667
35.0,0.7291666666666666
-3.0,-0.0625
0.0,0.0
-22.0,-0.4583333333333333
0.0,0.0
-3.0,-0.0625
53.0,1.1041666666666667
-21.0,-0.4375
0.0,0.0
-21.0,-0.4375
-3.0,-0.0625
-90.0,-1.875
-23.0,-0.4791666666666667
486.0,10.125
665.0,13.854166666666666
-24.0,-0.5
106.0,2.2083333333333335
130.0,2.7083333333333335
-21.0,-0.4375
2617.0,54.520833333333336
-3.0,-0.0625
-83.0,-1.7291666666666667
138.0,2.875
21.0,0.4375
-18.0,-0.375
16.0,0.3333333333333333
1589.0,33.104166666666664
144.0,3.0
495.0,10.3125
-22.0,-0.4583333333333333
80.0,1.6666666666666667
-24.0,-0.5
-32.0,-0.6666666666666666
-26.0,-0.5416666666666666
-30.0,-0.625
138.0,2.875
-21.0,-0.4375
-21.0,-0.4375
0.0,0.0
7499.0,156.22916666666666
9.0,0.1875
-21.0,-0.4375
-21.0,-0.4375
144.0,3.0
0.0,0.0
0.0,0.0
-21.0,-0.4375
126.0,2.625
0.0,0.0
1004.0,20.916666666666668
78.0,1.625
-21.0,-0.4375
141.0,2.9375
204.0,4.25
-22.0,-0.4583333333333333
-22.0,-0.4583333333333333
0.0,0.0
139.0,2.8958333333333335
0.0,0.0
0.0,0.0
0.0,0.0
36.0,0.75
-21.0,-0.4375
-27.0,-0.5625
0.0,0.0
3437.0,71.60416666666667
77.0,1.6041666666666667
0.0,0.0
259.0,5.395833333333333
0.0,0.0
-3.0,-0.0625
-21.0,-0.4375
-110.0,-2.2916666666666665
-21.0,-0.4375
-21.0,-0.4375
-21.0,-0.4375
144.0,3.0
0.0,0.0
0.0,0.0
-6.0,-0.125
190.0,3.9583333333333335
-45.0,-0.9375
-21.0,-0.4375
0.0,0.0
0.0,0.0
234.0,4.875
58.0,1.2083333333333333
11.0,0.22916666666666666
-82.0,-1.7083333333333333
-21.0,-0.4375
-21.0,-0.4375
144.0,3.0
0.0,0.0
137.0,2.8541666666666665
-12.0,-0.25
-3.0,-0.0625
102.0,2.125
0.0,0.0
-21.0,-0.4375
270.0,5.625
0.0,0.0
409.0,8.520833333333334
0.0,0.0
0.0,0.0
0.0,0.0
-3.0,-0.0625
246.0,5.125
0.0,0.0
-24.0,-0.5
471.0,9.8125
-9.0,-0.1875
144.0,3.0
-119.0,-2.4791666666666665
0.0,0.0
0.0,0.0
0.0,0.0
-21.0,-0.4375
-21.0,-0.4375
-3.0,-0.0625
139.0,2.8958333333333335
0.0,0.0
0.0,0.0
0.0,0.0
-12.0,-0.25
0.0,0.0
-3.0,-0.0625
-21.0,-0.4375
210.0,4.375
210.0,4.375
125.0,2.6041666666666665
0.0,0.0
-18.0,-0.375
351.0,7.3125
336.0,7.0
142.0,2.9583333333333335
144.0,3.0
99.0,2.0625
192.0,4.0
0.0,0.0
133.0,2.7708333333333335
144.0,3.0
102.0,2.125
-15.0,-0.3125
0.0,0.0
-32.0,-0.6666666666666666
294.0,6.125
0.0,0.0
286.0,5.958333333333333
0.0,0.0
111.0,2.3125
142.0,2.9583333333333335
108.0,2.25
207.0,4.3125
0.0,0.0
0.0,0.0
2058.0,42.875
93.0,1.9375
-24.0,-0.5
269.0,5.604166666666667
107.0,2.2291666666666665
-3.0,-0.0625
27.0,0.5625
278.0,5.791666666666667
-18.0,-0.375
134.0,2.7916666666666665
0.0,0.0
0.0,0.0
829.0,17.270833333333332
0.0,0.0
826.0,17.208333333333332
0.0,0.0
144.0,3.0
-42.0,-0.875
-65.0,-1.3541666666666667
0.0,0.0
0.0,0.0
282.0,5.875
117.0,2.4375
-18.0,-0.375
-86.0,-1.7916666666666667
144.0,3.0
0.0,0.0
0.0,0.0
-42.0,-0.875
-33.0,-0.6875
0.0,0.0
-22.0,-0.4583333333333333
-31.0,-0.6458333333333334
-22.0,-0.4583333333333333
144.0,3.0
0.0,0.0
0.0,0.0
12.0,0.25
-3.0,-0.0625
0.0,0.0
96.0,2.0
624.0,13.0
0.0,0.0
-21.0,-0.4375
0.0,0.0
-3.0,-0.0625
121.0,2.5208333333333335
-21.0,-0.4375
0.0,0.0
0.0,0.0
144.0,3.0
-21.0,-0.4375
0.0,0.0
-15.0,-0.3125
83.0,1.7291666666666667
0.0,0.0
0.0,0.0
-21.0,-0.4375
-21.0,-0.4375
0.0,0.0
0.0,0.0
493.0,10.270833333333334
0.0,0.0
129.0,2.6875
225.0,4.6875
0.0,0.0
138.0,2.875
-8.0,-0.16666666666666666
969.0,20.1875
0.0,0.0
-22.0,-0.4583333333333333
-37.0,-0.7708333333333334
0.0,0.0
214.0,4.458333333333333
0.0,0.0
286.0,5.958333333333333
0.0,0.0
0.0,0.0
-15.0,-0.3125
0.0,0.0
-3.0,-0.0625
720.0,15.0
0.0,0.0
-3.0,-0.0625
0.0,0.0
0.0,0.0
0.0,0.0
0.0,0.0
0.0,0.0
-3.0,-0.0625
43.0,0.8958333333333334
0.0,0.0
0.0,0.0
-6.0,-0.125
2683.0,55.895833333333336
-6.0,-0.125
0.0,0.0
273.0,5.6875
269.0,5.604166666666667
0.0,0.0
-3.0,-0.0625
0.0,0.0
411.0,8.5625
0.0,0.0
0.0,0.0
-142.0,-2.9583333333333335
114.0,2.375
-6.0,-0.125
-6.0,-0.125
0.0,0.0
0.0,0.0
219.0,4.5625
93.0,1.9375
332.0,6.916666666666667
0.0,0.0
0.0,0.0
264.0,5.5
-125.0,-2.6041666666666665
498.0,10.375
0.0,0.0
0.0,0.0
138.0,2.875
212.0,4.416666666666667
0.0,0.0
0.0,0.0
-21.0,-0.4375
144.0,3.0
104.0,2.1666666666666665
-21.0,-0.4375
0.0,0.0
216.0,4.5
-3.0,-0.0625
292.0,6.083333333333333
1112.0,23.166666666666668
93.0,1.9375
-22.0,-0.4583333333333333
0.0,0.0
-3.0,-0.0625
-27.0,-0.5625
175.0,3.6458333333333335
0.0,0.0
-134.0,-2.7916666666666665
0.0,0.0
-21.0,-0.4375
-21.0,-0.4375
0.0,0.0
-29.0,-0.6041666666666666
-18.0,-0.375
-12.0,-0.25
477.0,9.9375
-31.0,-0.6458333333333334
0.0,0.0
0.0,0.0
0.0,0.0
0.0,0.0
150.0,3.125
0.0,0.0
0.0,0.0
-27.0,-0.5625
378.0,7.875
0.0,0.0
234.0,4.875
144.0,3.0
144.0,3.0
0.0,0.0
0.0,0.0
0.0,0.0
0.0,0.0
-60.0,-1.25
0.0,0.0
13.0,0.2708333333333333
0.0,0.0
0.0,0.0
89.0,1.8541666666666667
0.0,0.0
0.0,0.0
-54.0,-1.125
0.0,0.0
0.0,0.0
0.0,0.0
96.0,2.0
0.0,0.0
-21.0,-0.4375
137.0,2.8541666666666665
54.0,1.125
-3.0,-0.0625
0.0,0.0
-62.0,-1.2916666666666667
129.0,2.6875
18.0,0.375
0.0,0.0
0.0,0.0
-21.0,-0.4375
0.0,0.0
0.0,0.0
519.0,10.8125
0.0,0.0
288.0,6.0
0.0,0.0
0.0,0.0
-21.0,-0.4375
259.0,5.395833333333333
288.0,6.0
0.0,0.0
-33.0,-0.6875
-21.0,-0.4375
328.0,6.833333333333333
0.0,0.0
0.0,0.0
69.0,1.4375
559.0,11.645833333333334
0.0,0.0
0.0,0.0
-21.0,-0.4375
0.0,0.0
0.0,0.0
287.0,5.979166666666667
-84.0,-1.75
0.0,0.0
144.0,3.0
-3.0,-0.0625
0.0,0.0
0.0,0.0
78.0,1.625
-9.0,-0.1875
572.0,11.916666666666666
0.0,0.0
0.0,0.0
-49.0,-1.0208333333333333
-3.0,-0.0625
-3.0,-0.0625
-27.0,-0.5625
6.0,0.125
0.0,0.0
0.0,0.0
0.0,0.0
0.0,0.0
28.0,0.5833333333333334
0.0,0.0
0.0,0.0
0.0,0.0
205.0,4.270833333333333
-21.0,-0.4375
-6.0,-0.125
144.0,3.0
144.0,3.0
108.0,2.25
-22.0,-0.4583333333333333
284.0,5.916666666666667
0.0,0.0
40.0,0.8333333333333334
296.0,6.166666666666667
-15.0,-0.3125
439.0,9.145833333333334
288.0,6.0
-3.0,-0.0625
284.0,5.916666666666667
-15.0,-0.3125
2481.0,51.6875
181.0,3.7708333333333335
-27.0,-0.5625
-9.0,-0.1875
0.0,0.0
812.0,16.916666666666668
0.0,0.0
-66.0,-1.375
221.0,4.604166666666667
224.0,4.666666666666667
0.0,0.0
0.0,0.0
-9.0,-0.1875
408.0,8.5
0.0,0.0
160.0,3.3333333333333335
114.0,2.375
-144.0,-3.0
87.0,1.8125
140.0,2.9166666666666665
132.0,2.75
388.0,8.083333333333334
-21.0,-0.4375
-22.0,-0.4583333333333333
-12.0,-0.25
-34.0,-0.7083333333333334
29.0,0.6041666666666666
0.0,0.0
0.0,0.0
90.0,1.875
-48.0,-1.0
144.0,3.0
125.0,2.6041666666666665
203.0,4.229166666666667
-95.0,-1.9791666666666667
81.0,1.6875
-36.0,-0.75
1063.0,22.145833333333332
-9.0,-0.1875
0.0,0.0
288.0,6.0
0.0,0.0
-15.0,-0.3125
0.0,0.0
298.0,6.208333333333333
-21.0,-0.4375
-54.0,-1.125
-15.0,-0.3125
0.0,0.0
-12.0,-0.25
0.0,0.0
0.0,0.0
0.0,0.0
552.0,11.5
-21.0,-0.4375
144.0,3.0
412.0,8.583333333333334
99.0,2.0625
-15.0,-0.3125
-6.0,-0.125
-9.0,-0.1875
-9.0,-0.1875
-3.0,-0.0625
0.0,0.0
320.0,6.666666666666667
-21.0,-0.4375
0.0,0.0
-138.0,-2.875
-9.0,-0.1875
-39.0,-0.8125
0.0,0.0
364.0,7.583333333333333
37.0,0.7708333333333334
-54.0,-1.125
0.0,0.0
67.0,1.3958333333333333
0.0,0.0
451.0,9.395833333333334
124.0,2.5833333333333335
-6.0,-0.125
93.0,1.9375
0.0,0.0
-21.0,-0.4375
791.0,16.479166666666668
0.0,0.0
-94.0,-1.9583333333333333
48.0,1.0
-21.0,-0.4375
0.0,0.0
576.0,12.0
-144.0,-3.0
-22.0,-0.4583333333333333
-21.0,-0.4375
0.0,0.0
0.0,0.0
-12.0,-0.25
-3.0,-0.0625
244.0,5.083333333333333
288.0,6.0
0.0,0.0
132.0,2.75
0.0,0.0
0.0,0.0
0.0,0.0
-30.0,-0.625
2685.0,55.9375
440.0,9.166666666666666
138.0,2.875
143.0,2.9791666666666665
81.0,1.6875
0.0,0.0
-6.0,-0.125
-21.0,-0.4375
153.0,3.1875
-9.0,-0.1875
59.0,1.2291666666666667
-30.0,-0.625
0.0,0.0
-15.0,-0.3125
0.0,0.0
0.0,0.0
0.0,0.0
0.0,0.0
326.0,6.791666666666667
144.0,3.0
890.0,18.541666666666668
0.0,0.0
0.0,0.0
-42.0,-0.875
0.0,0.0
0.0,0.0
-15.0,-0.3125
144.0,3.0
0.0,0.0
0.0,0.0
-9.0,-0.1875
-21.0,-0.4375
-3.0,-0.0625
0.0,0.0
-140.0,-2.9166666666666665
-21.0,-0.4375
-9.0,-0.1875
144.0,3.0
0.0,0.0
288.0,6.0
0.0,0.0
-22.0,-0.4583333333333333
-3.0,-0.0625
106.0,2.2083333333333335
0.0,0.0
0.0,0.0
233.0,4.854166666666667
176.0,3.6666666666666665
0.0,0.0
0.0,0.0
0.0,0.0
-33.0,-0.6875
0.0,0.0
0.0,0.0
217.0,4.520833333333333
-22.0,-0.4583333333333333
-6.0,-0.125
0.0,0.0
0.0,0.0
0.0,0.0
332.0,6.916666666666667
-144.0,-3.0
-3.0,-0.0625
0.0,0.0
0.0,0.0
-18.0,-0.375
0.0,0.0
471.0,9.8125
-45.0,-0.9375
0.0,0.0
0.0,0.0
117.0,2.4375
0.0,0.0
84.0,1.75
0.0,0.0
-21.0,-0.4375
-21.0,-0.4375
0.0,0.0
108.0,2.25
0.0,0.0
0.0,0.0
-3.0,-0.0625
0.0,0.0
571.0,11.895833333333334
0.0,0.0
397.0,8.270833333333334
-3.0,-0.0625
115.0,2.3958333333333335
1795.0,37.395833333333336
-21.0,-0.4375
144.0,3.0
0.0,0.0
0.0,0.0
-15.0,-0.3125
-21.0,-0.4375
0.0,0.0
0.0,0.0
-21.0,-0.4375
-21.0,-0.4375
0.0,0.0
-9.0,-0.1875
-21.0,-0.4375
144.0,3.0
0.0,0.0
106.0,2.2083333333333335
0.0,0.0
130.0,2.7083333333333335
521.0,10.854166666666666
144.0,3.0
-21.0,-0.4375
0.0,0.0
79.0,1.6458333333333333
0.0,0.0
61.0,1.2708333333333333
0.0,0.0
0.0,0.0
237.0,4.9375
-21.0,-0.4375
-21.0,-0.4375
-6.0,-0.125
0.0,0.0
-30.0,-0.625
-3.0,-0.0625
88.0,1.8333333333333333
34.0,0.7083333333333334
0.0,0.0
0.0,0.0
0.0,0.0
1067.0,22.229166666666668
94.0,1.9583333333333333
17.0,0.3541666666666667
0.0,0.0
78.0,1.625
101.0,2.1041666666666665
276.0,5.75
-6.0,-0.125
117.0,2.4375
-40.0,-0.8333333333333334
92.0,1.9166666666666667
1119.0,23.3125
0.0,0.0
187.0,3.8958333333333335
0.0,0.0
172.0,3.5833333333333335
138.0,2.875
432.0,9.0
0.0,0.0
436.0,9.083333333333334
0.0,0.0
0.0,0.0
0.0,0.0
0.0,0.0
-12.0,-0.25
0.0,0.0
130.0,2.7083333333333335
133.0,2.7708333333333335
0.0,0.0
487.0,10.145833333333334
0.0,0.0
361.0,7.520833333333333
55.0,1.1458333333333333
181.0,3.7708333333333335
36.0,0.75
385.0,8.020833333333334
144.0,3.0
0.0,0.0
0.0,0.0
-22.0,-0.4583333333333333
0.0,0.0
0.0,0.0
0.0,0.0
0.0,0.0
178.0,3.7083333333333335
-12.0,-0.25
-9.0,-0.1875
283.0,5.895833333333333
0.0,0.0
341.0,7.104166666666667
0.0,0.0
0.0,0.0
-22.0,-0.4583333333333333
-18.0,-0.375
-9.0,-0.1875
-6.0,-0.125
0.0,0.0
1043.0,21.729166666666668
-3.0,-0.0625
-3.0,-0.0625
0.0,0.0
-21.0,-0.4375
114.0,2.375
-22.0,-0.4583333333333333
-22.0,-0.4583333333333333
216.0,4.5
0.0,0.0
0.0,0.0
-26.0,-0.5416666666666666
0.0,0.0
278.0,5.791666666666667
9.0,0.1875
-48.0,-1.0
0.0,0.0
0.0,0.0
-33.0,-0.6875
0.0,0.0
366.0,7.625
0.0,0.0
-27.0,-0.5625
0.0,0.0
3536.0,73.66666666666667
388.0,8.083333333333334
1098.0,22.875
552.0,11.5
-21.0,-0.4375
-21.0,-0.4375
-22.0,-0.4583333333333333
0.0,0.0
0.0,0.0
0.0,0.0
0.0,0.0
0.0,0.0
0.0,0.0
0.0,0.0
-36.0,-0.75
-3.0,-0.0625
-18.0,-0.375
0.0,0.0
1436.0,29.916666666666668
0.0,0.0
413.0,8.604166666666666
1260.0,26.25
0.0,0.0
0.0,0.0
148.0,3.0833333333333335
-21.0,-0.4375
-21.0,-0.4375
-21.0,-0.4375
0.0,0.0
0.0,0.0
0.0,0.0
132.0,2.75
0.0,0.0
0.0,0.0
0.0,0.0
144.0,3.0
774.0,16.125
-6.0,-0.125
0.0,0.0
-22.0,-0.4583333333333333
0.0,0.0
-12.0,-0.25
0.0,0.0
162.0,3.375
0.0,0.0
77.0,1.6041666666666667
-1.0,-0.020833333333333332
278.0,5.791666666666667
-3.0,-0.0625
548.0,11.416666666666666
0.0,0.0
0.0,0.0
5.0,0.10416666666666667
76.0,1.5833333333333333
-22.0,-0.4583333333333333
0.0,0.0
56.0,1.1666666666666667
0.0,0.0
138.0,2.875
0.0,0.0
0.0,0.0
0.0,0.0
0.0,0.0
0.0,0.0
762.0,15.875
0.0,0.0
374.0,7.791666666666667
-12.0,-0.25
0.0,0.0
346.0,7.208333333333333
0.0,0.0
-3.0,-0.0625
0.0,0.0
-21.0,-0.4375
0.0,0.0
0.0,0.0
0.0,0.0
288.0,6.0
240.0,5.0
0.0,0.0
389.0,8.104166666666666
0.0,0.0
0.0,0.0
-42.0,-0.875
0.0,0.0
99.0,2.0625
46.0,0.9583333333333334
234.0,4.875
-18.0,-0.375
470.0,9.791666666666666
-3.0,-0.0625
0.0,0.0
-9.0,-0.1875
0.0,0.0
-6.0,-0.125
0.0,0.0
136.0,2.8333333333333335
576.0,12.0
0.0,0.0
0.0,0.0
-21.0,-0.4375
-21.0,-0.4375
672.0,14.0
-3.0,-0.0625
1912.0,39.833333333333336
-22.0,-0.4583333333333333
0.0,0.0
0.0,0.0
-27.0,-0.5625
0.0,0.0
-24.0,-0.5
88.0,1.8333333333333333
0.0,0.0
-21.0,-0.4375
174.0,3.625
237.0,4.9375
-22.0,-0.4583333333333333
0.0,0.0
-21.0,-0.4375
0.0,0.0
-3.0,-0.0625
-9.0,-0.1875
0.0,0.0
-3.0,-0.0625
0.0,0.0
-3.0,-0.0625
-15.0,-0.3125
0.0,0.0
-33.0,-0.6875
81.0,1.6875
-6.0,-0.125
-54.0,-1.125
0.0,0.0
-21.0,-0.4375
0.0,0.0
-6.0,-0.125
-15.0,-0.3125
0.0,0.0
536.0,11.166666666666666
-29.0,-0.6041666666666666
7.0,0.14583333333333334
809.0,16.854166666666668
-18.0,-0.375
61.0,1.2708333333333333
-6.0,-0.125
144.0,3.0
0.0,0.0
189.0,3.9375
168.0,3.5
-22.0,-0.4583333333333333
-18.0,-0.375
-6.0,-0.125
-9.0,-0.1875
0.0,0.0
0.0,0.0
117.0,2.4375
137.0,2.8541666666666665
0.0,0.0
121.0,2.5208333333333335
0.0,0.0
42.0,0.875
0.0,0.0
0.0,0.0
-15.0,-0.3125
-6.0,-0.125
-15.0,-0.3125
144.0,3.0
0.0,0.0
0.0,0.0
0.0,0.0
267.0,5.5625
383.0,7.979166666666667
-35.0,-0.7291666666666666
-21.0,-0.4375
-21.0,-0.4375
0.0,0.0
0.0,0.0
0.0,0.0
-18.0,-0.375
60.0,1.25
0.0,0.0
0.0,0.0
-3.0,-0.0625
-30.0,-0.625
-105.0,-2.1875
0.0,0.0
-21.0,-0.4375
0.0,0.0
0.0,0.0
0.0,0.0
0.0,0.0
-21.0,-0.4375
-33.0,-0.6875
-3.0,-0.0625
0.0,0.0
125.0,2.6041666666666665
122.0,2.5416666666666665
1322.0,27.541666666666668
0.0,0.0
73.0,1.5208333333333333
0.0,0.0
-24.0,-0.5
0.0,0.0
0.0,0.0
-21.0,-0.4375
-104.0,-2.1666666666666665
-15.0,-0.3125
-21.0,-0.4375
144.0,3.0
0.0,0.0
118.0,2.4583333333333335
0.0,0.0
0.0,0.0
0.0,0.0
0.0,0.0
206.0,4.291666666666667
91.0,1.8958333333333333
-9.0,-0.1875
46.0,0.9583333333333334
-22.0,-0.4583333333333333
0.0,0.0
-3.0,-0.0625
126.0,2.625
252.0,5.25
-22.0,-0.4583333333333333
-144.0,-3.0
-3.0,-0.0625
-18.0,-0.375
-9.0,-0.1875
0.0,0.0
0.0,0.0
-3.0,-0.0625
0.0,0.0
-29.0,-0.6041666666666666
0.0,0.0
0.0,0.0
-3.0,-0.0625
1408.0,29.333333333333332
-21.0,-0.4375
67.0,1.3958333333333333
0.0,0.0
0.0,0.0
0.0,0.0
106.0,2.2083333333333335
0.0,0.0
0.0,0.0
46.0,0.9583333333333334
131.0,2.7291666666666665
125.0,2.6041666666666665
185.0,3.8541666666666665
-9.0,-0.1875
-129.0,-2.6875
366.0,7.625
0.0,0.0
0.0,0.0
0.0,0.0
-21.0,-0.4375
-41.0,-0.8541666666666666
274.0,5.708333333333333
458.0,9.541666666666666
144.0,3.0
261.0,5.4375
231.0,4.8125
2111.0,43.979166666666664
510.0,10.625
0.0,0.0
-21.0,-0.4375
0.0,0.0
0.0,0.0
0.0,0.0
0.0,0.0
0.0,0.0
-3.0,-0.0625
0.0,0.0
0.0,0.0
946.0,19.708333333333332
-18.0,-0.375
-21.0,-0.4375
139.0,2.8958333333333335
-21.0,-0.4375
-60.0,-1.25
0.0,0.0
0.0,0.0
-144.0,-3.0
-21.0,-0.4375
608.0,12.666666666666666
0.0,0.0
132.0,2.75
104.0,2.1666666666666665
-3.0,-0.0625
-21.0,-0.4375
-21.0,-0.4375
-21.0,-0.4375
-6.0,-0.125
0.0,0.0
0.0,0.0
0.0,0.0
0.0,0.0
-22.0,-0.4583333333333333
0.0,0.0
-6.0,-0.125
144.0,3.0
-15.0,-0.3125
-22.0,-0.4583333333333333
-21.0,-0.4375
0.0,0.0
0.0,0.0
-3.0,-0.0625
-21.0,-0.4375
0.0,0.0
-21.0,-0.4375
0.0,0.0
0.0,0.0
0.0,0.0
261.0,5.4375
0.0,0.0
0.0,0.0
-21.0,-0.4375
343.0,7.145833333333333
125.0,2.6041666666666665
0.0,0.0
0.0,0.0
0.0,0.0
-27.0,-0.5625
-21.0,-0.4375
-65.0,-1.3541666666666667
431.0,8.979166666666666
0.0,0.0
0.0,0.0
0.0,0.0
-21.0,-0.4375
-15.0,-0.3125
0.0,0.0
0.0,0.0
-21.0,-0.4375
-15.0,-0.3125
0.0,0.0
-25.0,-0.5208333333333334
-38.0,-0.7916666666666666
75.0,1.5625
141.0,2.9375
121.0,2.5208333333333335
0.0,0.0
-12.0,-0.25
289.0,6.020833333333333
-39.0,-0.8125
-24.0,-0.5
0.0,0.0
0.0,0.0
282.0,5.875
-49.0,-1.0208333333333333
0.0,0.0
271.0,5.645833333333333
0.0,0.0
-22.0,-0.4583333333333333
-3.0,-0.0625
0.0,0.0
-23.0,-0.4791666666666667
0.0,0.0
0.0,0.0
-15.0,-0.3125
-104.0,-2.1666666666666665
0.0,0.0
338.0,7.041666666666667
0.0,0.0
-21.0,-0.4375
210.0,4.375
-21.0,-0.4375
-21.0,-0.4375
141.0,2.9375
-12.0,-0.25
-45.0,-0.9375
72.0,1.5
-3.0,-0.0625
-103.0,-2.1458333333333335
354.0,7.375
103.0,2.1458333333333335
-15.0,-0.3125
-21.0,-0.4375
69.0,1.4375
358.0,7.458333333333333
0.0,0.0
657.0,13.6875
1549.0,32.270833333333336
-10.0,-0.20833333333333334
0.0,0.0
109.0,2.2708333333333335
-15.0,-0.3125
124.0,2.5833333333333335
0.0,0.0
-33.0,-0.6875
711.0,14.8125
-3.0,-0.0625
0.0,0.0
-21.0,-0.4375
-21.0,-0.4375
59.0,1.2291666666666667
-30.0,-0.625
0.0,0.0
42.0,0.875
0.0,0.0
-24.0,-0.5
-24.0,-0.5
-21.0,-0.4375
142.0,2.9583333333333335
0.0,0.0
0.0,0.0
210.0,4.375
102.0,2.125
674.0,14.041666666666666
2209.0,46.020833333333336
252.0,5.25
-3.0,-0.0625
0.0,0.0
0.0,0.0
437.0,9.104166666666666
0.0,0.0
917.0,19.104166666666668
-3.0,-0.0625
695.0,14.479166666666666
144.0,3.0
0.0,0.0
-3.0,-0.0625
-3.0,-0.0625
0.0,0.0
-23.0,-0.4791666666666667
0.0,0.0
-3.0,-0.0625
311.0,6.479166666666667
-9.0,-0.1875
-24.0,-0.5
0.0,0.0
83.0,1.7291666666666667
0.0,0.0
141.0,2.9375
834.0,17.375
0.0,0.0
144.0,3.0
0.0,0.0
0.0,0.0
41.0,0.8541666666666666
281.0,5.854166666666667
144.0,3.0
1035.0,21.5625
0.0,0.0
-22.0,-0.4583333333333333
-21.0,-0.4375
0.0,0.0
-6.0,-0.125
-6.0,-0.125
0.0,0.0
-9.0,-0.1875
0.0,0.0
0.0,0.0
89.0,1.8541666666666667
0.0,0.0
0.0,0.0
-21.0,-0.4375
0.0,0.0
-22.0,-0.4583333333333333
-24.0,-0.5
0.0,0.0
-6.0,-0.125
-3.0,-0.0625
0.0,0.0
0.0,0.0
59.0,1.2291666666666667
0.0,0.0
-144.0,-3.0
0.0,0.0
-132.0,-2.75
0.0,0.0
-21.0,-0.4375
4.0,0.08333333333333333
-12.0,-0.25
-3.0,-0.0625
-3.0,-0.0625
241.0,5.020833333333333
0.0,0.0
-3.0,-0.0625
0.0,0.0
0.0,0.0
-120.0,-2.5
642.0,13.375
144.0,3.0
0.0,0.0
0.0,0.0
0.0,0.0
66.0,1.375
-12.0,-0.25
-40.0,-0.8333333333333334
93.0,1.9375
-45.0,-0.9375
0.0,0.0
-3.0,-0.0625
0.0,0.0
457.0,9.520833333333334
30.0,0.625
461.0,9.604166666666666
0.0,0.0
13.0,0.2708333333333333
-9.0,-0.1875
-21.0,-0.4375
488.0,10.166666666666666
133.0,2.7708333333333335
85.0,1.7708333333333333
-22.0,-0.4583333333333333
681.0,14.1875
516.0,10.75
-3.0,-0.0625
0.0,0.0
0.0,0.0
0.0,0.0
486.0,10.125
678.0,14.125
0.0,0.0
-6.0,-0.125
0.0,0.0
0.0,0.0
0.0,0.0
0.0,0.0
-3.0,-0.0625
0.0,0.0
0.0,0.0
0.0,0.0
0.0,0.0
-54.0,-1.125
-42.0,-0.875
0.0,0.0
406.0,8.458333333333334
-73.0,-1.5208333333333333
-89.0,-1.8541666666666667
231.0,4.8125
0.0,0.0
-21.0,-0.4375
-15.0,-0.3125
0.0,0.0
78.0,1.625
9.0,0.1875
0.0,0.0
-21.0,-0.4375
-24.0,-0.5
-33.0,-0.6875
0.0,0.0
-9.0,-0.1875
90.0,1.875
-21.0,-0.4375
-21.0,-0.4375
0.0,0.0
-100.0,-2.0833333333333335
7.0,0.14583333333333334
-22.0,-0.4583333333333333
926.0,19.291666666666668
-21.0,-0.4375
0.0,0.0
0.0,0.0
161.0,3.3541666666666665
-21.0,-0.4375
0.0,0.0
-27.0,-0.5625
0.0,0.0
-25.0,-0.5208333333333334
-126.0,-2.625
-76.0,-1.5833333333333333
-21.0,-0.4375
-33.0,-0.6875
511.0,10.645833333333334
304.0,6.333333333333333
0.0,0.0
130.0,2.7083333333333335
-18.0,-0.375
-144.0,-3.0
0.0,0.0
0.0,0.0
-141.0,-2.9375
0.0,0.0
0.0,0.0
-21.0,-0.4375
519.0,10.8125
-144.0,-3.0
144.0,3.0
0.0,0.0
-21.0,-0.4375
501.0,10.4375
-15.0,-0.3125
533.0,11.104166666666666
0.0,0.0
805.0,16.770833333333332
-3.0,-0.0625
217.0,4.520833333333333
1553.0,32.354166666666664
-34.0,-0.7083333333333334
118.0,2.4583333333333335
0.0,0.0
-15.0,-0.3125
-144.0,-3.0
0.0,0.0
-21.0,-0.4375
24.0,0.5
863.0,17.979166666666668
0.0,0.0
0.0,0.0
0.0,0.0
0.0,0.0
-48.0,-1.0
0.0,0.0
0.0,0.0
0.0,0.0
-9.0,-0.1875
37.0,0.7708333333333334
602.0,12.541666666666666
246.0,5.125
-21.0,-0.4375
197.0,4.104166666666667
-15.0,-0.3125
64.0,1.3333333333333333
-21.0,-0.4375
251.0,5.229166666666667
0.0,0.0
-30.0,-0.625
27.0,0.5625
1050.0,21.875
-54.0,-1.125
360.0,7.5
252.0,5.25
0.0,0.0
0.0,0.0
-113.0,-2.3541666666666665
0.0,0.0
-12.0,-0.25
-21.0,-0.4375
-108.0,-2.25
49.0,1.0208333333333333
0.0,0.0
0.0,0.0
-6.0,-0.125
-122.0,-2.5416666666666665
-12.0,-0.25
0.0,0.0
-21.0,-0.4375
3376.0,70.33333333333333
67.0,1.3958333333333333
0.0,0.0
1509.0,31.4375
417.0,8.6875
0.0,0.0
-21.0,-0.4375
-21.0,-0.4375
-22.0,-0.4583333333333333
0.0,0.0
-21.0,-0.4375
-21.0,-0.4375
-21.0,-0.4375
0.0,0.0
-27.0,-0.5625
-25.0,-0.5208333333333334
-21.0,-0.4375
-3.0,-0.0625
0.0,0.0
-3.0,-0.0625
46.0,0.9583333333333334
-18.0,-0.375
0.0,0.0
-3.0,-0.0625
-6.0,-0.125
4102.0,85.45833333333333
205.0,4.270833333333333
822.0,17.125
0.0,0.0
-15.0,-0.3125
-83.0,-1.7291666666666667
118.0,2.4583333333333335
-130.0,-2.7083333333333335
0.0,0.0
-21.0,-0.4375
-122.0,-2.5416666666666665
-18.0,-0.375
0.0,0.0
0.0,0.0
-24.0,-0.5
225.0,4.6875
108.0,2.25
-3.0,-0.0625
-6.0,-0.125
83.0,1.7291666666666667
-12.0,-0.25
-6.0,-0.125
114.0,2.375
-24.0,-0.5
-9.0,-0.1875
-18.0,-0.375
87.0,1.8125
-24.0,-0.5
-6.0,-0.125
-9.0,-0.1875
-144.0,-3.0
479.0,9.979166666666666
-79.0,-1.6458333333333333
-3.0,-0.0625
-131.0,-2.7291666666666665
-105.0,-2.1875
-130.0,-2.7083333333333335
-82.0,-1.7083333333333333
-53.0,-1.1041666666666667
-144.0,-3.0
-84.0,-1.75
-84.0,-1.75
-21.0,-0.4375
426.0,8.875
-135.0,-2.8125
-33.0,-0.6875
-36.0,-0.75
-18.0,-0.375
-3.0,-0.0625
603.0,12.5625
-144.0,-3.0
1942.0,40.458333333333336
144.0,3.0
0.0,0.0
360.0,7.5
-33.0,-0.6875
-144.0,-3.0
-75.0,-1.5625
564.0,11.75
-3.0,-0.0625
-15.0,-0.3125
-12.0,-0.25
-12.0,-0.25
-6.0,-0.125
-3.0,-0.0625
0.0,0.0
107.0,2.2291666666666665
-123.0,-2.5625
-91.0,-1.8958333333333333
-144.0,-3.0
-91.0,-1.8958333333333333
-114.0,-2.375
0.0,0.0
0.0,0.0
-92.0,-1.9166666666666667
-22.0,-0.4583333333333333
-125.0,-2.6041666666666665
0.0,0.0
55.0,1.1458333333333333
-51.0,-1.0625
0.0,0.0
67.0,1.3958333333333333
144.0,3.0
0.0,0.0
920.0,19.166666666666668
144.0,3.0
0.0,0.0
131.0,2.7291666666666665
-21.0,-0.4375
197.0,4.104166666666667
40.0,0.8333333333333334
-22.0,-0.4583333333333333
-18.0,-0.375
-101.0,-2.1041666666666665
0.0,0.0
139.0,2.8958333333333335
0.0,0.0
-33.0,-0.6875
-60.0,-1.25
-21.0,-0.4375
0.0,0.0
0.0,0.0
3125.0,65.10416666666667
0.0,0.0
0.0,0.0
-21.0,-0.4375
-21.0,-0.4375
0.0,0.0
0.0,0.0
713.0,14.854166666666666
389.0,8.104166666666666
434.0,9.041666666666666
0.0,0.0
-6.0,-0.125
120.0,2.5
-9.0,-0.1875
241.0,5.020833333333333
-12.0,-0.25
110.0,2.2916666666666665
-21.0,-0.4375
871.0,18.145833333333332
-39.0,-0.8125
528.0,11.0
-30.0,-0.625
-28.0,-0.5833333333333334
-22.0,-0.4583333333333333
-29.0,-0.6041666666666666
-98.0,-2.0416666666666665
-15.0,-0.3125
78.0,1.625
206.0,4.291666666666667
-144.0,-3.0
143.0,2.9791666666666665
-21.0,-0.4375
-30.0,-0.625
-21.0,-0.4375
518.0,10.791666666666666
0.0,0.0
0.0,0.0
34.0,0.7083333333333334
0.0,0.0
0.0,0.0
0.0,0.0
-21.0,-0.4375
-21.0,-0.4375
213.0,4.4375
-22.0,-0.4583333333333333
-21.0,-0.4375
0.0,0.0
0.0,0.0
660.0,13.75
746.0,15.541666666666666
140.0,2.9166666666666665
1079.0,22.479166666666668
126.0,2.625
-21.0,-0.4375
0.0,0.0
0.0,0.0
-144.0,-3.0
-21.0,-0.4375
0.0,0.0
0.0,0.0
0.0,0.0
0.0,0.0
-21.0,-0.4375
0.0,0.0
158.0,3.2916666666666665
0.0,0.0
0.0,0.0
144.0,3.0
-22.0,-0.4583333333333333
-3.0,-0.0625
144.0,3.0
-49.0,-1.0208333333333333
-3.0,-0.0625
0.0,0.0
0.0,0.0
0.0,0.0
490.0,10.208333333333334
-3.0,-0.0625
0.0,0.0
-6.0,-0.125
-18.0,-0.375
0.0,0.0
243.0,5.0625
-6.0,-0.125
-21.0,-0.4375
144.0,3.0
-9.0,-0.1875
288.0,6.0
144.0,3.0
-15.0,-0.3125
388.0,8.083333333333334
392.0,8.166666666666666
423.0,8.8125
0.0,0.0
-22.0,-0.4583333333333333
-23.0,-0.4791666666666667
-83.0,-1.7291666666666667
-63.0,-1.3125
324.0,6.75
0.0,0.0
0.0,0.0
782.0,16.291666666666668
0.0,0.0
0.0,0.0
327.0,6.8125
-6.0,-0.125
0.0,0.0
140.0,2.9166666666666665
0.0,0.0
192.0,4.0
2504.0,52.166666666666664
0.0,0.0
0.0,0.0
0.0,0.0
0.0,0.0
0.0,0.0
0.0,0.0
0.0,0.0
-6.0,-0.125
0.0,0.0
-22.0,-0.4583333333333333
1236.0,25.75
-6.0,-0.125
144.0,3.0
0.0,0.0
134.0,2.7916666666666665
0.0,0.0
2535.0,52.8125
120.0,2.5
0.0,0.0
1499.0,31.229166666666668
0.0,0.0
-21.0,-0.4375
0.0,0.0
65.0,1.3541666666666667
2065.0,43.020833333333336
0.0,0.0
0.0,0.0
0.0,0.0
-23.0,-0.4791666666666667
1768.0,36.833333333333336
887.0,18.479166666666668
0.0,0.0
282.0,5.875
0.0,0.0
-21.0,-0.4375
8.0,0.16666666666666666
-117.0,-2.4375
-33.0,-0.6875
280.0,5.833333333333333
254.0,5.291666666666667
176.0,3.6666666666666665
-21.0,-0.4375
0.0,0.0
139.0,2.8958333333333335
-30.0,-0.625
-12.0,-0.25
-21.0,-0.4375
191.0,3.9791666666666665
394.0,8.208333333333334
144.0,3.0
114.0,2.375
3435.0,71.5625
285.0,5.9375
0.0,0.0
-18.0,-0.375
-21.0,-0.4375
0.0,0.0
-3.0,-0.0625
237.0,4.9375
0.0,0.0
841.0,17.520833333333332
0.0,0.0
0.0,0.0
162.0,3.375
-15.0,-0.3125
-15.0,-0.3125
0.0,0.0
192.0,4.0
-18.0,-0.375
144.0,3.0
381.0,7.9375
0.0,0.0
0.0,0.0
-21.0,-0.4375
843.0,17.5625
-21.0,-0.4375
0.0,0.0
-21.0,-0.4375
0.0,0.0
125.0,2.6041666666666665
-6.0,-0.125
-15.0,-0.3125
0.0,0.0
207.0,4.3125
0.0,0.0
-24.0,-0.5
-3.0,-0.0625
0.0,0.0
0.0,0.0
0.0,0.0
0.0,0.0
48.0,1.0
144.0,3.0
-3.0,-0.0625
157.0,3.2708333333333335
0.0,0.0
130.0,2.7083333333333335
0.0,0.0
-77.0,-1.6041666666666667
0.0,0.0
0.0,0.0
79.0,1.6458333333333333
-15.0,-0.3125
126.0,2.625
314.0,6.541666666666667
0.0,0.0
-41.0,-0.8541666666666666
-21.0,-0.4375
-21.0,-0.4375
449.0,9.354166666666666
128.0,2.6666666666666665
-21.0,-0.4375
-3.0,-0.0625
0.0,0.0
0.0,0.0
1526.0,31.791666666666668
224.0,4.666666666666667
-71.0,-1.4791666666666667
0.0,0.0
-21.0,-0.4375
0.0,0.0
0.0,0.0
0.0,0.0
-22.0,-0.4583333333333333
352.0,7.333333333333333
-21.0,-0.4375
144.0,3.0
127.0,2.6458333333333335
536.0,11.166666666666666
-3.0,-0.0625
0.0,0.0
-6.0,-0.125
0.0,0.0
-22.0,-0.4583333333333333
-21.0,-0.4375
-21.0,-0.4375
64.0,1.3333333333333333
0.0,0.0
-18.0,-0.375
655.0,13.645833333333334
273.0,5.6875
0.0,0.0
536.0,11.166666666666666
288.0,6.0
481.0,10.020833333333334
0.0,0.0
0.0,0.0
0.0,0.0
0.0,0.0
146.0,3.0416666666666665
144.0,3.0
0.0,0.0
0.0,0.0
-45.0,-0.9375
218.0,4.541666666666667
0.0,0.0
-6.0,-0.125
2055.0,42.8125
-21.0,-0.4375
1004.0,20.916666666666668
0.0,0.0
-3.0,-0.0625
0.0,0.0
-6.0,-0.125
0.0,0.0
601.0,12.520833333333334
276.0,5.75
0.0,0.0
0.0,0.0
-22.0,-0.4583333333333333
138.0,2.875
0.0,0.0
70.0,1.4583333333333333
-21.0,-0.4375
-22.0,-0.4583333333333333
-21.0,-0.4375
129.0,2.6875
126.0,2.625
284.0,5.916666666666667
144.0,3.0
1079.0,22.479166666666668
134.0,2.7916666666666665
0.0,0.0
47.0,0.9791666666666666
0.0,0.0
127.0,2.6458333333333335
-21.0,-0.4375
-9.0,-0.1875
1153.0,24.020833333333332
138.0,2.875
0.0,0.0
0.0,0.0
-22.0,-0.4583333333333333
-21.0,-0.4375
0.0,0.0
4583.0,95.47916666666667
0.0,0.0
119.0,2.4791666666666665
991.0,20.645833333333332
-3.0,-0.0625
144.0,3.0
-98.0,-2.0416666666666665
0.0,0.0
1100.0,22.916666666666668
6296.0,131.16666666666666
128.0,2.6666666666666665
-83.0,-1.7291666666666667
1642.0,34.208333333333336
0.0,0.0
397.0,8.270833333333334
109.0,2.2708333333333335
438.0,9.125
46.0,0.9583333333333334
0.0,0.0
261.0,5.4375
0.0,0.0
0.0,0.0
-144.0,-3.0
102.0,2.125
-21.0,-0.4375
-144.0,-3.0
-23.0,-0.4791666666666667
0.0,0.0
0.0,0.0
773.0,16.104166666666668
144.0,3.0
0.0,0.0
73.0,1.5208333333333333
-3.0,-0.0625
-21.0,-0.4375
-21.0,-0.4375
-66.0,-1.375
-21.0,-0.4375
0.0,0.0
-22.0,-0.4583333333333333
181.0,3.7708333333333335
-18.0,-0.375
97.0,2.0208333333333335
142.0,2.9583333333333335
1439.0,29.979166666666668
324.0,6.75
144.0,3.0
-21.0,-0.4375
84.0,1.75
10.0,0.20833333333333334
-45.0,-0.9375
0.0,0.0
104.0,2.1666666666666665
450.0,9.375
282.0,5.875
0.0,0.0
0.0,0.0
669.0,13.9375
-21.0,-0.4375
0.0,0.0
408.0,8.5
-21.0,-0.4375
-21.0,-0.4375
420.0,8.75
-22.0,-0.4583333333333333
-21.0,-0.4375
-81.0,-1.6875
102.0,2.125
114.0,2.375
-12.0,-0.25
102.0,2.125
-85.0,-1.7708333333333333
0.0,0.0
107.0,2.2291666666666665
0.0,0.0
11989.0,249.77083333333334
-22.0,-0.4583333333333333
0.0,0.0
-3.0,-0.0625
0.0,0.0
-42.0,-0.875
143.0,2.9791666666666665
40.0,0.8333333333333334
-28.0,-0.5833333333333334
-31.0,-0.6458333333333334
0.0,0.0
97.0,2.0208333333333335
0.0,0.0
-57.0,-1.1875
207.0,4.3125
-48.0,-1.0
23.0,0.4791666666666667
0.0,0.0
105.0,2.1875
-3.0,-0.0625
652.0,13.583333333333334
0.0,0.0
-39.0,-0.8125
-40.0,-0.8333333333333334
0.0,0.0
100.0,2.0833333333333335
307.0,6.395833333333333
-21.0,-0.4375
-22.0,-0.4583333333333333
-23.0,-0.4791666666666667
0.0,0.0
0.0,0.0
0.0,0.0
625.0,13.020833333333334
3173.0,66.10416666666667
2113.0,44.020833333333336
0.0,0.0
-23.0,-0.4791666666666667
0.0,0.0
-22.0,-0.4583333333333333
-23.0,-0.4791666666666667
0.0,0.0
-3.0,-0.0625
21.0,0.4375
0.0,0.0
144.0,3.0
322.0,6.708333333333333
0.0,0.0
485.0,10.104166666666666
0.0,0.0
-24.0,-0.5
-21.0,-0.4375
-21.0,-0.4375
0.0,0.0
102.0,2.125
-88.0,-1.8333333333333333
-60.0,-1.25
0.0,0.0
-21.0,-0.4375
117.0,2.4375
-90.0,-1.875
0.0,0.0
0.0,0.0
126.0,2.625
54.0,1.125
0.0,0.0
-3.0,-0.0625
562.0,11.708333333333334
0.0,0.0
1494.0,31.125
599.0,12.479166666666666
0.0,0.0
0.0,0.0
45.0,0.9375
-122.0,-2.5416666666666665
-21.0,-0.4375
-21.0,-0.4375
236.0,4.916666666666667
909.0,18.9375
1621.0,33.770833333333336
117.0,2.4375
299.0,6.229166666666667
94.0,1.9583333333333333
0.0,0.0
0.0,0.0
-21.0,-0.4375
0.0,0.0
216.0,4.5
93.0,1.9375
1755.0,36.5625
-144.0,-3.0
0.0,0.0
0.0,0.0
0.0,0.0
300.0,6.25
225.0,4.6875
-68.0,-1.4166666666666667
924.0,19.25
0.0,0.0
324.0,6.75
0.0,0.0
-126.0,-2.625
0.0,0.0
184.0,3.8333333333333335
576.0,12.0
89.0,1.8541666666666667
-24.0,-0.5
0.0,0.0
0.0,0.0
0.0,0.0
101.0,2.1041666666666665
-60.0,-1.25
-144.0,-3.0
-69.0,-1.4375
-79.0,-1.6458333333333333
-21.0,-0.4375
80.0,1.6666666666666667
-23.0,-0.4791666666666667
0.0,0.0
-3.0,-0.0625
1115.0,23.229166666666668
646.0,13.458333333333334
120.0,2.5
-21.0,-0.4375
-6.0,-0.125
0.0,0.0
144.0,3.0
-21.0,-0.4375
-21.0,-0.4375
115.0,2.3958333333333335
-80.0,-1.6666666666666667
-21.0,-0.4375
257.0,5.354166666666667
126.0,2.625
-27.0,-0.5625
0.0,0.0
-21.0,-0.4375
1280.0,26.666666666666668
-21.0,-0.4375
-3.0,-0.0625
-55.0,-1.1458333333333333
-3.0,-0.0625
0.0,0.0
0.0,0.0
0.0,0.0
-21.0,-0.4375
-21.0,-0.4375
0.0,0.0
65.0,1.3541666666666667
-97.0,-2.0208333333333335
-106.0,-2.2083333333333335
0.0,0.0
-15.0,-0.3125
-38.0,-0.7916666666666666
0.0,0.0
21.0,0.4375
-22.0,-0.4583333333333333
-21.0,-0.4375
0.0,0.0
-33.0,-0.6875
0.0,0.0
0.0,0.0
0.0,0.0
0.0,0.0
-21.0,-0.4375
-22.0,-0.4583333333333333
-21.0,-0.4375
135.0,2.8125
132.0,2.75
0.0,0.0
897.0,18.6875
0.0,0.0
0.0,0.0
-48.0,-1.0
0.0,0.0
0.0,0.0
0.0,0.0
-21.0,-0.4375
-36.0,-0.75
-3.0,-0.0625
-45.0,-0.9375
0.0,0.0
636.0,13.25
-3.0,-0.0625
0.0,0.0
-21.0,-0.4375
138.0,2.875
55.0,1.1458333333333333
0.0,0.0
0.0,0.0
-21.0,-0.4375
-144.0,-3.0
0.0,0.0
2916.0,60.75
288.0,6.0
0.0,0.0
-125.0,-2.6041666666666665
-15.0,-0.3125
260.0,5.416666666666667
128.0,2.6666666666666665
267.0,5.5625
-12.0,-0.25
0.0,0.0
-75.0,-1.5625
-32.0,-0.6666666666666666
0.0,0.0
0.0,0.0
-92.0,-1.9166666666666667
-23.0,-0.4791666666666667
0.0,0.0
0.0,0.0
0.0,0.0
0.0,0.0
0.0,0.0
0.0,0.0
580.0,12.083333333333334
0.0,0.0
0.0,0.0
-21.0,-0.4375
-27.0,-0.5625
-15.0,-0.3125
10.0,0.20833333333333334
287.0,5.979166666666667
144.0,3.0
-24.0,-0.5
0.0,0.0
0.0,0.0
171.0,3.5625
-3.0,-0.0625
0.0,0.0
0.0,0.0
264.0,5.5
-12.0,-0.25
0.0,0.0
72.0,1.5
-6.0,-0.125
0.0,0.0
142.0,2.9583333333333335
0.0,0.0
0.0,0.0
981.0,20.4375
1251.0,26.0625
17.0,0.3541666666666667
-21.0,-0.4375
-22.0,-0.4583333333333333
-21.0,-0.4375
0.0,0.0
0.0,0.0
-21.0,-0.4375
133.0,2.7708333333333335
25.0,0.5208333333333334
-3.0,-0.0625
566.0,11.791666666666666
-24.0,-0.5
-135.0,-2.8125
-23.0,-0.4791666666666667
0.0,0.0
0.0,0.0
0.0,0.0
928.0,19.333333333333332
0.0,0.0
-25.0,-0.5208333333333334
0.0,0.0
204.0,4.25
-27.0,-0.5625
281.0,5.854166666666667
0.0,0.0
17404.0,362.5833333333333
343.0,7.145833333333333
1159.0,24.145833333333332
-21.0,-0.4375
0.0,0.0
-3.0,-0.0625
253.0,5.270833333333333
0.0,0.0
-22.0,-0.4583333333333333
196.0,4.083333333333333
333.0,6.9375
558.0,11.625
-26.0,-0.5416666666666666
-9.0,-0.1875
145.0,3.0208333333333335
0.0,0.0
3415.0,71.14583333333333
143.0,2.9791666666666665
0.0,0.0
0.0,0.0
-25.0,-0.5208333333333334
39.0,0.8125
0.0,0.0
-3.0,-0.0625
-101.0,-2.1041666666666665
0.0,0.0
0.0,0.0
-12.0,-0.25
109.0,2.2708333333333335
-22.0,-0.4583333333333333
3589.0,74.77083333333333
0.0,0.0
1113.0,23.1875
0.0,0.0
0.0,0.0
144.0,3.0
-21.0,-0.4375
144.0,3.0
822.0,17.125
-21.0,-0.4375
0.0,0.0
-21.0,-0.4375
-30.0,-0.625
141.0,2.9375
-15.0,-0.3125
417.0,8.6875
70.0,1.4583333333333333
241.0,5.020833333333333
0.0,0.0
279.0,5.8125
0.0,0.0
-3.0,-0.0625
721.0,15.020833333333334
1850.0,38.541666666666664
11.0,0.22916666666666666
-21.0,-0.4375
270.0,5.625
176.0,3.6666666666666665
196.0,4.083333333333333
419.0,8.729166666666666
209.0,4.354166666666667
997.0,20.770833333333332
132.0,2.75
-22.0,-0.4583333333333333
0.0,0.0
328.0,6.833333333333333
-21.0,-0.4375
-21.0,-0.4375
163.0,3.3958333333333335
96.0,2.0
0.0,0.0
-22.0,-0.4583333333333333
0.0,0.0
-24.0,-0.5
0.0,0.0
394.0,8.208333333333334
0.0,0.0
144.0,3.0
-21.0,-0.4375
143.0,2.9791666666666665
396.0,8.25
-9.0,-0.1875
0.0,0.0
2594.0,54.041666666666664
-21.0,-0.4375
-22.0,-0.4583333333333333
-21.0,-0.4375
-21.0,-0.4375
865.0,18.020833333333332
179.0,3.7291666666666665
-6.0,-0.125
726.0,15.125
108.0,2.25
111.0,2.3125
0.0,0.0
0.0,0.0
0.0,0.0
144.0,3.0
0.0,0.0
-27.0,-0.5625
-3.0,-0.0625
-21.0,-0.4375
144.0,3.0
-27.0,-0.5625
0.0,0.0
0.0,0.0
547.0,11.395833333333334
-21.0,-0.4375
4463.0,92.97916666666667
0.0,0.0
3342.0,69.625
6310.0,131.45833333333334
-56.0,-1.1666666666666667
865.0,18.020833333333332
90.0,1.875
0.0,0.0
-15.0,-0.3125
-23.0,-0.4791666666666667
144.0,3.0
-21.0,-0.4375
1135.0,23.645833333333332
604.0,12.583333333333334
2444.0,50.916666666666664
308.0,6.416666666666667
0.0,0.0
310.0,6.458333333333333
0.0,0.0
0.0,0.0
-22.0,-0.4583333333333333
-21.0,-0.4375
1742.0,36.291666666666664
0.0,0.0
0.0,0.0
53.0,1.1041666666666667
-18.0,-0.375
-6.0,-0.125
-42.0,-0.875
152.0,3.1666666666666665
-21.0,-0.4375
216.0,4.5
0.0,0.0
957.0,19.9375
18.0,0.375
-21.0,-0.4375
-36.0,-0.75
-18.0,-0.375
432.0,9.0
2.0,0.041666666666666664
0.0,0.0
0.0,0.0
267.0,5.5625
1215.0,25.3125
-9.0,-0.1875
720.0,15.0
-21.0,-0.4375
249.0,5.1875
-15.0,-0.3125
41.0,0.8541666666666666
-9.0,-0.1875
-21.0,-0.4375
-3.0,-0.0625
-24.0,-0.5
0.0,0.0
0.0,0.0
-3.0,-0.0625
-33.0,-0.6875
-26.0,-0.5416666666666666
-49.0,-1.0208333333333333
-33.0,-0.6875
55.0,1.1458333333333333
-24.0,-0.5
-52.0,-1.0833333333333333
-24.0,-0.5
0.0,0.0
211.0,4.395833333333333
365.0,7.604166666666667
-21.0,-0.4375
-21.0,-0.4375
4081.0,85.02083333333333
-21.0,-0.4375
-12.0,-0.25
-6.0,-0.125
60.0,1.25
72.0,1.5
-72.0,-1.5
144.0,3.0
0.0,0.0
212.0,4.416666666666667
592.0,12.333333333333334
0.0,0.0
-144.0,-3.0
-9.0,-0.1875
211.0,4.395833333333333
-3.0,-0.0625
2953.0,61.520833333333336
-99.0,-2.0625
1000.0,20.833333333333332
0.0,0.0
0.0,0.0
-21.0,-0.4375
-22.0,-0.4583333333333333
132.0,2.75
-45.0,-0.9375
-131.0,-2.7291666666666665
266.0,5.541666666666667
180.0,3.75
-136.0,-2.8333333333333335
750.0,15.625
3914.0,81.54166666666667
122.0,2.5416666666666665
24.0,0.5
176.0,3.6666666666666665
0.0,0.0
0.0,0.0
249.0,5.1875
391.0,8.145833333333334
57.0,1.1875
191.0,3.9791666666666665
549.0,11.4375
0.0,0.0
0.0,0.0
0.0,0.0
1106.0,23.041666666666668
142.0,2.9583333333333335
476.0,9.916666666666666
-87.0,-1.8125
0.0,0.0
0.0,0.0
852.0,17.75
6.0,0.125
-6.0,-0.125
0.0,0.0
-38.0,-0.7916666666666666
-21.0,-0.4375
0.0,0.0
0.0,0.0
-9.0,-0.1875
1729.0,36.020833333333336
0.0,0.0
140.0,2.9166666666666665
-3.0,-0.0625
-21.0,-0.4375
141.0,2.9375
0.0,0.0
0.0,0.0
0.0,0.0
-6.0,-0.125
0.0,0.0
0.0,0.0
0.0,0.0
-144.0,-3.0
0.0,0.0
-111.0,-2.3125
605.0,12.604166666666666
-3.0,-0.0625
-51.0,-1.0625
-144.0,-3.0
-6.0,-0.125
0.0,0.0
0.0,0.0
-6.0,-0.125
122.0,2.5416666666666665
-15.0,-0.3125
86.0,1.7916666666666667
-15.0,-0.3125
335.0,6.979166666666667
-21.0,-0.4375
288.0,6.0
136.0,2.8333333333333335
71.0,1.4791666666666667
569.0,11.854166666666666
0.0,0.0
433.0,9.020833333333334
241.0,5.020833333333333
-21.0,-0.4375
-58.0,-1.2083333333333333
132.0,2.75
0.0,0.0
503.0,10.479166666666666
904.0,18.833333333333332
0.0,0.0
240.0,5.0
2097.0,43.6875
225.0,4.6875
0.0,0.0
142.0,2.9583333333333335
720.0,15.0
-21.0,-0.4375
294.0,6.125
-18.0,-0.375
-30.0,-0.625
454.0,9.458333333333334
-144.0,-3.0
0.0,0.0
5200.0,108.33333333333333
-144.0,-3.0
-31.0,-0.6458333333333334
106.0,2.2083333333333335
0.0,0.0
-45.0,-0.9375
0.0,0.0
-12.0,-0.25
-23.0,-0.4791666666666667
443.0,9.229166666666666
0.0,0.0
1031.0,21.479166666666668
59.0,1.2291666666666667
0.0,0.0
521.0,10.854166666666666
0.0,0.0
-42.0,-0.875
0.0,0.0
0.0,0.0
0.0,0.0
180.0,3.75
-6.0,-0.125
-3.0,-0.0625
-21.0,-0.4375
106.0,2.2083333333333335
144.0,3.0
0.0,0.0
-34.0,-0.7083333333333334
-3.0,-0.0625
368.0,7.666666666666667
0.0,0.0
130.0,2.7083333333333335
2149.0,44.770833333333336
67.0,1.3958333333333333
1029.0,21.4375
-30.0,-0.625
0.0,0.0
0.0,0.0
83.0,1.7291666666666667
-18.0,-0.375
-22.0,-0.4583333333333333
855.0,17.8125
0.0,0.0
-3.0,-0.0625
226.0,4.708333333333333
-70.0,-1.4583333333333333
0.0,0.0
567.0,11.8125
102.0,2.125
364.0,7.583333333333333
929.0,19.354166666666668
-36.0,-0.75
791.0,16.479166666666668
0.0,0.0
1481.0,30.854166666666668
88.0,1.8333333333333333
0.0,0.0
270.0,5.625
0.0,0.0
1123.0,23.395833333333332
-27.0,-0.5625
-36.0,-0.75
0.0,0.0
968.0,20.166666666666668
1822.0,37.958333333333336
101.0,2.1041666666666665
-21.0,-0.4375
288.0,6.0
558.0,11.625
-21.0,-0.4375
0.0,0.0
-139.0,-2.8958333333333335
-21.0,-0.4375
53.0,1.1041666666666667
0.0,0.0
0.0,0.0
324.0,6.75
-26.0,-0.5416666666666666
4590.0,95.625
7427.0,154.72916666666666
0.0,0.0
149.0,3.1041666666666665
0.0,0.0
-28.0,-0.5833333333333334
-21.0,-0.4375
-22.0,-0.4583333333333333
140.0,2.9166666666666665
5073.0,105.6875
-12.0,-0.25
102.0,2.125
1514.0,31.541666666666668
0.0,0.0
337.0,7.020833333333333
547.0,11.395833333333334
144.0,3.0
-21.0,-0.4375
390.0,8.125
-3.0,-0.0625
61.0,1.2708333333333333
193.0,4.020833333333333
-3.0,-0.0625
96.0,2.0
0.0,0.0
-65.0,-1.3541666666666667
567.0,11.8125
0.0,0.0
186.0,3.875
0.0,0.0
414.0,8.625
129.0,2.6875
0.0,0.0
1891.0,39.395833333333336
-21.0,-0.4375
431.0,8.979166666666666
0.0,0.0
0.0,0.0
0.0,0.0
192.0,4.0
145.0,3.0208333333333335
283.0,5.895833333333333
-3.0,-0.0625
0.0,0.0
-22.0,-0.4583333333333333
189.0,3.9375
-126.0,-2.625
0.0,0.0
0.0,0.0
138.0,2.875
114.0,2.375
-6.0,-0.125
-3.0,-0.0625
513.0,10.6875
0.0,0.0
0.0,0.0
702.0,14.625
-22.0,-0.4583333333333333
413.0,8.604166666666666
-33.0,-0.6875
138.0,2.875
0.0,0.0
-12.0,-0.25
-54.0,-1.125
0.0,0.0
7019.0,146.22916666666666
-22.0,-0.4583333333333333
-62.0,-1.2916666666666667
-21.0,-0.4375
0.0,0.0
-9.0,-0.1875
-138.0,-2.875
426.0,8.875
-6.0,-0.125
211.0,4.395833333333333
33.0,0.6875
0.0,0.0
119.0,2.4791666666666665
716.0,14.916666666666666
0.0,0.0
189.0,3.9375
-9.0,-0.1875
-22.0,-0.4583333333333333
864.0,18.0
-21.0,-0.4375
0.0,0.0
91.0,1.8958333333333333
0.0,0.0
-22.0,-0.4583333333333333
0.0,0.0
-3.0,-0.0625
-21.0,-0.4375
-12.0,-0.25
-21.0,-0.4375
-21.0,-0.4375
0.0,0.0
-21.0,-0.4375
112.0,2.3333333333333335
0.0,0.0
-3.0,-0.0625
258.0,5.375
-27.0,-0.5625
0.0,0.0
-88.0,-1.8333333333333333
-3.0,-0.0625
166.0,3.4583333333333335
0.0,0.0
-22.0,-0.4583333333333333
135.0,2.8125
-21.0,-0.4375
0.0,0.0
619.0,12.895833333333334
-40.0,-0.8333333333333334
0.0,0.0
213.0,4.4375
-49.0,-1.0208333333333333
558.0,11.625
33.0,0.6875
0.0,0.0
1708.0,35.583333333333336
0.0,0.0
1391.0,28.979166666666668
187.0,3.8958333333333335
0.0,0.0
150.0,3.125
0.0,0.0
-21.0,-0.4375
0.0,0.0
0.0,0.0
0.0,0.0
0.0,0.0
-9.0,-0.1875
-23.0,-0.4791666666666667
0.0,0.0
0.0,0.0
496.0,10.333333333333334
0.0,0.0
-26.0,-0.5416666666666666
991.0,20.645833333333332
0.0,0.0
-108.0,-2.25
58.0,1.2083333333333333
0.0,0.0
-21.0,-0.4375
-21.0,-0.4375
544.0,11.333333333333334
0.0,0.0
0.0,0.0
-21.0,-0.4375
-31.0,-0.6458333333333334
-30.0,-0.625
0.0,0.0
432.0,9.0
1033.0,21.520833333333332
-58.0,-1.2083333333333333
-22.0,-0.4583333333333333
-21.0,-0.4375
-24.0,-0.5
0.0,0.0
96.0,2.0
144.0,3.0
-25.0,-0.5208333333333334
-25.0,-0.5208333333333334
-21.0,-0.4375
576.0,12.0
-21.0,-0.4375
144.0,3.0
338.0,7.041666666666667
1281.0,26.6875
108.0,2.25
-21.0,-0.4375
301.0,6.270833333333333
172.0,3.5833333333333335
0.0,0.0
0.0,0.0
-3.0,-0.0625
0.0,0.0
-22.0,-0.4583333333333333
-22.0,-0.4583333333333333
-22.0,-0.4583333333333333
216.0,4.5
982.0,20.458333333333332
28.0,0.5833333333333334
-27.0,-0.5625
-60.0,-1.25
559.0,11.645833333333334
-21.0,-0.4375
161.0,3.3541666666666665
0.0,0.0
308.0,6.416666666666667
568.0,11.833333333333334
-12.0,-0.25
0.0,0.0
-3.0,-0.0625
380.0,7.916666666666667
-6.0,-0.125
2037.0,42.4375
2745.0,57.1875
-29.0,-0.6041666666666666
389.0,8.104166666666666
-3.0,-0.0625
-3.0,-0.0625
-53.0,-1.1041666666666667
0.0,0.0
134.0,2.7916666666666665
87.0,1.8125
-21.0,-0.4375
0.0,0.0
98.0,2.0416666666666665
-18.0,-0.375
630.0,13.125
0.0,0.0
-3.0,-0.0625
799.0,16.645833333333332
138.0,2.875
-26.0,-0.5416666666666666
0.0,0.0
71.0,1.4791666666666667
454.0,9.458333333333334
3662.0,76.29166666666667
0.0,0.0
68.0,1.4166666666666667
-21.0,-0.4375
-29.0,-0.6041666666666666
409.0,8.520833333333334
1090.0,22.708333333333332
0.0,0.0
586.0,12.208333333333334
-31.0,-0.6458333333333334
0.0,0.0
0.0,0.0
0.0,0.0
-21.0,-0.4375
-30.0,-0.625
572.0,11.916666666666666
288.0,6.0
617.0,12.854166666666666
-21.0,-0.4375
127.0,2.6458333333333335
0.0,0.0
-73.0,-1.5208333333333333
65.0,1.3541666666666667
321.0,6.6875
0.0,0.0
114.0,2.375
89.0,1.8541666666666667
785.0,16.354166666666668
0.0,0.0
-52.0,-1.0833333333333333
74.0,1.5416666666666667
0.0,0.0
0.0,0.0
0.0,0.0
695.0,14.479166666666666
102.0,2.125
-21.0,-0.4375
407.0,8.479166666666666
0.0,0.0
0.0,0.0
0.0,0.0
0.0,0.0
-21.0,-0.4375
-21.0,-0.4375
-28.0,-0.5833333333333334
0.0,0.0
132.0,2.75
383.0,7.979166666666667
-24.0,-0.5
218.0,4.541666666666667
-3.0,-0.0625
-21.0,-0.4375
-3.0,-0.0625
144.0,3.0
249.0,5.1875
0.0,0.0
-42.0,-0.875
986.0,20.541666666666668
1813.0,37.770833333333336
-60.0,-1.25
133.0,2.7708333333333335
-48.0,-1.0
108.0,2.25
-24.0,-0.5
-3.0,-0.0625
-50.0,-1.0416666666666667
-6.0,-0.125
144.0,3.0
0.0,0.0
-30.0,-0.625
-21.0,-0.4375
1409.0,29.354166666666668
751.0,15.645833333333334
775.0,16.145833333333332
0.0,0.0
0.0,0.0
-15.0,-0.3125
-3.0,-0.0625
576.0,12.0
0.0,0.0
19.0,0.3958333333333333
114.0,2.375
118.0,2.4583333333333335
-36.0,-0.75
279.0,5.8125
457.0,9.520833333333334
-22.0,-0.4583333333333333
0.0,0.0
-15.0,-0.3125
-21.0,-0.4375
426.0,8.875
0.0,0.0
0.0,0.0
-9.0,-0.1875
-122.0,-2.5416666666666665
136.0,2.8333333333333335
-21.0,-0.4375
123.0,2.5625
0.0,0.0
-44.0,-0.9166666666666666
106.0,2.2083333333333335
36.0,0.75
61.0,1.2708333333333333
0.0,0.0
-69.0,-1.4375
700.0,14.583333333333334
0.0,0.0
243.0,5.0625
0.0,0.0
348.0,7.25
111.0,2.3125
-144.0,-3.0
-21.0,-0.4375
0.0,0.0
132.0,2.75
0.0,0.0
-9.0,-0.1875
1623.0,33.8125
-21.0,-0.4375
-113.0,-2.3541666666666665
62.0,1.2916666666666667
114.0,2.375
0.0,0.0
140.0,2.9166666666666665
114.0,2.375
0.0,0.0
0.0,0.0
48.0,1.0
-95.0,-1.9791666666666667
1208.0,25.166666666666668
0.0,0.0
0.0,0.0
0.0,0.0
0.0,0.0
-21.0,-0.4375
0.0,0.0
-22.0,-0.4583333333333333
-15.0,-0.3125
-48.0,-1.0
0.0,0.0
-23.0,-0.4791666666666667
0.0,0.0
133.0,2.7708333333333335
73.0,1.5208333333333333
-100.0,-2.0833333333333335
0.0,0.0
-22.0,-0.4583333333333333
-21.0,-0.4375
-22.0,-0.4583333333333333
0.0,0.0
-23.0,-0.4791666666666667
-71.0,-1.4791666666666667
-12.0,-0.25
-129.0,-2.6875
-27.0,-0.5625
0.0,0.0
0.0,0.0
0.0,0.0
-54.0,-1.125
-27.0,-0.5625
443.0,9.229166666666666
-21.0,-0.4375
-70.0,-1.4583333333333333
0.0,0.0
-80.0,-1.6666666666666667
-3.0,-0.0625
89.0,1.8541666666666667
100.0,2.0833333333333335
567.0,11.8125
110.0,2.2916666666666665
0.0,0.0
-24.0,-0.5
0.0,0.0
814.0,16.958333333333332
-21.0,-0.4375
0.0,0.0
-88.0,-1.8333333333333333
0.0,0.0
-32.0,-0.6666666666666666
-144.0,-3.0
-21.0,-0.4375
0.0,0.0
288.0,6.0
-21.0,-0.4375
-15.0,-0.3125
139.0,2.8958333333333335
-3.0,-0.0625
125.0,2.6041666666666665
0.0,0.0
136.0,2.8333333333333335
214.0,4.458333333333333
366.0,7.625
91.0,1.8958333333333333
0.0,0.0
-30.0,-0.625
0.0,0.0
0.0,0.0
-21.0,-0.4375
0.0,0.0
144.0,3.0
-25.0,-0.5208333333333334
0.0,0.0
-51.0,-1.0625
-3.0,-0.0625
126.0,2.625
289.0,6.020833333333333
144.0,3.0
0.0,0.0
-21.0,-0.4375
-33.0,-0.6875
0.0,0.0
-6.0,-0.125
-21.0,-0.4375
144.0,3.0
0.0,0.0
-3.0,-0.0625
2139.0,44.5625
143.0,2.9791666666666665
108.0,2.25
544.0,11.333333333333334
0.0,0.0
0.0,0.0
0.0,0.0
-29.0,-0.6041666666666666
281.0,5.854166666666667
100.0,2.0833333333333335
0.0,0.0
0.0,0.0
6.0,0.125
0.0,0.0
130.0,2.7083333333333335
939.0,19.5625
0.0,0.0
0.0,0.0
-21.0,-0.4375
-22.0,-0.4583333333333333
-22.0,-0.4583333333333333
-27.0,-0.5625
-21.0,-0.4375
0.0,0.0
229.0,4.770833333333333
0.0,0.0
-21.0,-0.4375
0.0,0.0
-6.0,-0.125
-21.0,-0.4375
360.0,7.5
0.0,0.0
753.0,15.6875
591.0,12.3125
352.0,7.333333333333333
0.0,0.0
731.0,15.229166666666666
237.0,4.9375
-21.0,-0.4375
-90.0,-1.875
958.0,19.958333333333332
0.0,0.0
-21.0,-0.4375
0.0,0.0
132.0,2.75
0.0,0.0
396.0,8.25
17.0,0.3541666666666667
0.0,0.0
144.0,3.0
-144.0,-3.0
128.0,2.6666666666666665
141.0,2.9375
-3.0,-0.0625
0.0,0.0
0.0,0.0
120.0,2.5
745.0,15.520833333333334
-3.0,-0.0625
225.0,4.6875
0.0,0.0
0.0,0.0
173.0,3.6041666666666665
0.0,0.0
-6.0,-0.125
-21.0,-0.4375
0.0,0.0
-21.0,-0.4375
0.0,0.0
0.0,0.0
663.0,13.8125
422.0,8.791666666666666
-22.0,-0.4583333333333333
0.0,0.0
0.0,0.0
-114.0,-2.375
120.0,2.5
-23.0,-0.4791666666666667
119.0,2.4791666666666665
0.0,0.0
0.0,0.0
0.0,0.0
135.0,2.8125
25.0,0.5208333333333334
-66.0,-1.375
14777.0,307.8541666666667
0.0,0.0
333.0,6.9375
-21.0,-0.4375
-22.0,-0.4583333333333333
88.0,1.8333333333333333
0.0,0.0
0.0,0.0
0.0,0.0
144.0,3.0
-75.0,-1.5625
114.0,2.375
-6.0,-0.125
-78.0,-1.625
135.0,2.8125
-18.0,-0.375
0.0,0.0
-144.0,-3.0
0.0,0.0
279.0,5.8125
-12.0,-0.25
0.0,0.0
126.0,2.625
144.0,3.0
-15.0,-0.3125
0.0,0.0
0.0,0.0
-21.0,-0.4375
9.0,0.1875
0.0,0.0
249.0,5.1875
-15.0,-0.3125
0.0,0.0
-3.0,-0.0625
1453.0,30.270833333333332
-9.0,-0.1875
1204.0,25.083333333333332
144.0,3.0
144.0,3.0
-60.0,-1.25
-21.0,-0.4375
-142.0,-2.9583333333333335
142.0,2.9583333333333335
0.0,0.0
0.0,0.0
0.0,0.0
0.0,0.0
-144.0,-3.0
-122.0,-2.5416666666666665
286.0,5.958333333333333
0.0,0.0
-123.0,-2.5625
134.0,2.7916666666666665
0.0,0.0
0.0,0.0
0.0,0.0
-21.0,-0.4375
-27.0,-0.5625
-3.0,-0.0625
1007.0,20.979166666666668
114.0,2.375
0.0,0.0
-129.0,-2.6875
0.0,0.0
0.0,0.0
-51.0,-1.0625
10.0,0.20833333333333334
-6.0,-0.125
-3.0,-0.0625
-21.0,-0.4375
-21.0,-0.4375
0.0,0.0
0.0,0.0
-57.0,-1.1875
3969.0,82.6875
-22.0,-0.4583333333333333
0.0,0.0
46.0,0.9583333333333334
132.0,2.75
0.0,0.0
0.0,0.0
0.0,0.0
0.0,0.0
0.0,0.0
0.0,0.0
-21.0,-0.4375
0.0,0.0
-18.0,-0.375
-21.0,-0.4375
144.0,3.0
-117.0,-2.4375
0.0,0.0
-21.0,-0.4375
-21.0,-0.4375
126.0,2.625
0.0,0.0
-119.0,-2.4791666666666665
-3.0,-0.0625
-22.0,-0.4583333333333333
0.0,0.0
0.0,0.0
0.0,0.0
-100.0,-2.0833333333333335
1564.0,32.583333333333336
1411.0,29.395833333333332
13.0,0.2708333333333333
0.0,0.0
41.0,0.8541666666666666
0.0,0.0
0.0,0.0
-30.0,-0.625
0.0,0.0
130.0,2.7083333333333335
144.0,3.0
83.0,1.7291666666666667
0.0,0.0
0.0,0.0
-18.0,-0.375
0.0,0.0
0.0,0.0
0.0,0.0
90.0,1.875
-21.0,-0.4375
247.0,5.145833333333333
0.0,0.0
388.0,8.083333333333334
24.0,0.5
0.0,0.0
1017.0,21.1875
0.0,0.0
0.0,0.0
-69.0,-1.4375
144.0,3.0
152.0,3.1666666666666665
0.0,0.0
0.0,0.0
343.0,7.145833333333333
0.0,0.0
589.0,12.270833333333334
189.0,3.9375
0.0,0.0
202.0,4.208333333333333
0.0,0.0
-6.0,-0.125
-3.0,-0.0625
124.0,2.5833333333333335
-6.0,-0.125
549.0,11.4375
144.0,3.0
1063.0,22.145833333333332
112.0,2.3333333333333335
286.0,5.958333333333333
-91.0,-1.8958333333333333
-131.0,-2.7291666666666665
0.0,0.0
140.0,2.9166666666666665
-39.0,-0.8125
0.0,0.0
-24.0,-0.5
223.0,4.645833333333333
-6.0,-0.125
5062.0,105.45833333333333
-6.0,-0.125
-97.0,-2.0208333333333335
-11.0,-0.22916666666666666
-21.0,-0.4375
0.0,0.0
124.0,2.5833333333333335
665.0,13.854166666666666
0.0,0.0
0.0,0.0
793.0,16.520833333333332
-15.0,-0.3125
1412.0,29.416666666666668
0.0,0.0
186.0,3.875
47.0,0.9791666666666666
0.0,0.0
-3.0,-0.0625
44.0,0.9166666666666666
0.0,0.0
0.0,0.0
-94.0,-1.9583333333333333
0.0,0.0
144.0,3.0
0.0,0.0
-125.0,-2.6041666666666665
0.0,0.0
0.0,0.0
0.0,0.0
0.0,0.0
-144.0,-3.0
661.0,13.770833333333334
0.0,0.0
0.0,0.0
-9.0,-0.1875
0.0,0.0
58.0,1.2083333333333333
-3.0,-0.0625
-15.0,-0.3125
0.0,0.0
-12.0,-0.25
0.0,0.0
0.0,0.0
0.0,0.0
251.0,5.229166666666667
106.0,2.2083333333333335
0.0,0.0
0.0,0.0
-88.0,-1.8333333333333333
-144.0,-3.0
-3.0,-0.0625
204.0,4.25
-91.0,-1.8958333333333333
0.0,0.0
569.0,11.854166666666666
0.0,0.0
188.0,3.9166666666666665
0.0,0.0
-21.0,-0.4375
-15.0,-0.3125
-21.0,-0.4375
0.0,0.0
0.0,0.0
-23.0,-0.4791666666666667
0.0,0.0
366.0,7.625
706.0,14.708333333333334
-9.0,-0.1875
-21.0,-0.4375
81.0,1.6875
246.0,5.125
-21.0,-0.4375
614.0,12.791666666666666
0.0,0.0
431.0,8.979166666666666
0.0,0.0
43.0,0.8958333333333334
-18.0,-0.375
-33.0,-0.6875
0.0,0.0
-21.0,-0.4375
0.0,0.0
-11.0,-0.22916666666666666
-111.0,-2.3125
-12.0,-0.25
-24.0,-0.5
136.0,2.8333333333333335
-21.0,-0.4375
144.0,3.0
144.0,3.0
-21.0,-0.4375
0.0,0.0
-3.0,-0.0625
-3.0,-0.0625
265.0,5.520833333333333
0.0,0.0
-21.0,-0.4375
286.0,5.958333333333333
0.0,0.0
-3.0,-0.0625
-144.0,-3.0
0.0,0.0
0.0,0.0
-21.0,-0.4375
150.0,3.125
101.0,2.1041666666666665
-22.0,-0.4583333333333333
0.0,0.0
102.0,2.125
180.0,3.75
0.0,0.0
319.0,6.645833333333333
-144.0,-3.0
713.0,14.854166666666666
0.0,0.0
0.0,0.0
0.0,0.0
-23.0,-0.4791666666666667
-6.0,-0.125
0.0,0.0
0.0,0.0
0.0,0.0
0.0,0.0
316.0,6.583333333333333
0.0,0.0
0.0,0.0
266.0,5.541666666666667
-9.0,-0.1875
0.0,0.0
140.0,2.9166666666666665
-59.0,-1.2291666666666667
104.0,2.1666666666666665
0.0,0.0
0.0,0.0
-24.0,-0.5
0.0,0.0
116.0,2.4166666666666665
257.0,5.354166666666667
0.0,0.0
0.0,0.0
45.0,0.9375
125.0,2.6041666666666665
-84.0,-1.75
0.0,0.0
0.0,0.0
-30.0,-0.625
261.0,5.4375
-3.0,-0.0625
667.0,13.895833333333334
-6.0,-0.125
144.0,3.0
0.0,0.0
-33.0,-0.6875
0.0,0.0
-57.0,-1.1875
-30.0,-0.625
119.0,2.4791666666666665
-21.0,-0.4375
66.0,1.375
144.0,3.0
924.0,19.25
136.0,2.8333333333333335
-6.0,-0.125
-3.0,-0.0625
80.0,1.6666666666666667
-30.0,-0.625
0.0,0.0
0.0,0.0
0.0,0.0
217.0,4.520833333333333
0.0,0.0
0.0,0.0
418.0,8.708333333333334
0.0,0.0
0.0,0.0
59.0,1.2291666666666667
-21.0,-0.4375
144.0,3.0
0.0,0.0
-36.0,-0.75
0.0,0.0
-12.0,-0.25
0.0,0.0
-21.0,-0.4375
97.0,2.0208333333333335
0.0,0.0
0.0,0.0
0.0,0.0
0.0,0.0
0.0,0.0
117.0,2.4375
0.0,0.0
767.0,15.979166666666666
-21.0,-0.4375
457.0,9.520833333333334
0.0,0.0
0.0,0.0
-3.0,-0.0625
856.0,17.833333333333332
144.0,3.0
100.0,2.0833333333333335
0.0,0.0
649.0,13.520833333333334
0.0,0.0
-15.0,-0.3125
0.0,0.0
-21.0,-0.4375
220.0,4.583333333333333
45.0,0.9375
-6.0,-0.125
-21.0,-0.4375
108.0,2.25
0.0,0.0
85.0,1.7708333333333333
180.0,3.75
-124.0,-2.5833333333333335
-24.0,-0.5
0.0,0.0
0.0,0.0
90.0,1.875
0.0,0.0
517.0,10.770833333333334
-36.0,-0.75
198.0,4.125
-3.0,-0.0625
144.0,3.0
725.0,15.104166666666666
34.0,0.7083333333333334
0.0,0.0
0.0,0.0
-30.0,-0.625
0.0,0.0
33.0,0.6875
315.0,6.5625
-6.0,-0.125
0.0,0.0
2444.0,50.916666666666664
144.0,3.0
0.0,0.0
-21.0,-0.4375
-3.0,-0.0625
63.0,1.3125
0.0,0.0
0.0,0.0
-3.0,-0.0625
79.0,1.6458333333333333
0.0,0.0
631.0,13.145833333333334
144.0,3.0
257.0,5.354166666666667
-36.0,-0.75
0.0,0.0
0.0,0.0
135.0,2.8125
83.0,1.7291666666666667
0.0,0.0
0.0,0.0
-18.0,-0.375
0.0,0.0
113.0,2.3541666666666665
0.0,0.0
0.0,0.0
0.0,0.0
-42.0,-0.875
144.0,3.0
0.0,0.0
-97.0,-2.0208333333333335
-21.0,-0.4375
0.0,0.0
0.0,0.0
259.0,5.395833333333333
0.0,0.0
0.0,0.0
129.0,2.6875
0.0,0.0
622.0,12.958333333333334
0.0,0.0
-21.0,-0.4375
15.0,0.3125
247.0,5.145833333333333
0.0,0.0
144.0,3.0
0.0,0.0
0.0,0.0
-9.0,-0.1875
0.0,0.0
0.0,0.0
0.0,0.0
144.0,3.0
288.0,6.0
186.0,3.875
0.0,0.0
0.0,0.0
-21.0,-0.4375
1345.0,28.020833333333332
138.0,2.875
1599.0,33.3125
0.0,0.0
102.0,2.125
72.0,1.5
0.0,0.0
700.0,14.583333333333334
0.0,0.0
0.0,0.0
0.0,0.0
0.0,0.0
144.0,3.0
240.0,5.0
0.0,0.0
396.0,8.25
0.0,0.0
0.0,0.0
0.0,0.0
-34.0,-0.7083333333333334
136.0,2.8333333333333335
512.0,10.666666666666666
203.0,4.229166666666667
103.0,2.1458333333333335
612.0,12.75
330.0,6.875
-21.0,-0.4375
0.0,0.0
-22.0,-0.4583333333333333
222.0,4.625
0.0,0.0
0.0,0.0
0.0,0.0
0.0,0.0
187.0,3.8958333333333335
1775.0,36.979166666666664
337.0,7.020833333333333
78.0,1.625
0.0,0.0
420.0,8.75
237.0,4.9375
715.0,14.895833333333334
-21.0,-0.4375
-9.0,-0.1875
1377.0,28.6875
134.0,2.7916666666666665
-21.0,-0.4375
0.0,0.0
0.0,0.0
0.0,0.0
108.0,2.25
-12.0,-0.25
691.0,14.395833333333334
0.0,0.0
144.0,3.0
144.0,3.0
0.0,0.0
-45.0,-0.9375
705.0,14.6875
0.0,0.0
0.0,0.0
0.0,0.0
0.0,0.0
122.0,2.5416666666666665
234.0,4.875
956.0,19.916666666666668
0.0,0.0
135.0,2.8125
374.0,7.791666666666667
546.0,11.375
65.0,1.3541666666666667
195.0,4.0625
-18.0,-0.375
-3.0,-0.0625
48.0,1.0
0.0,0.0
0.0,0.0
-30.0,-0.625
168.0,3.5
0.0,0.0
-67.0,-1.3958333333333333
144.0,3.0
-73.0,-1.5208333333333333
-68.0,-1.4166666666666667
-6.0,-0.125
907.0,18.895833333333332
-21.0,-0.4375
335.0,6.979166666666667
-9.0,-0.1875
0.0,0.0
739.0,15.395833333333334
-3.0,-0.0625
89.0,1.8541666666666667
-21.0,-0.4375
-30.0,-0.625
144.0,3.0
-18.0,-0.375
-9.0,-0.1875
78.0,1.625
0.0,0.0
-6.0,-0.125
362.0,7.541666666666667
0.0,0.0
-3.0,-0.0625
108.0,2.25
344.0,7.166666666666667
-21.0,-0.4375
0.0,0.0
0.0,0.0
391.0,8.145833333333334
281.0,5.854166666666667
-6.0,-0.125
-21.0,-0.4375
-27.0,-0.5625
1892.0,39.416666666666664
-21.0,-0.4375
0.0,0.0
87.0,1.8125
59.0,1.2291666666666667
-45.0,-0.9375
0.0,0.0
0.0,0.0
-9.0,-0.1875
128.0,2.6666666666666665
492.0,10.25
-21.0,-0.4375
0.0,0.0
409.0,8.520833333333334
-21.0,-0.4375
330.0,6.875
-6.0,-0.125
138.0,2.875
154.0,3.2083333333333335
0.0,0.0
0.0,0.0
136.0,2.8333333333333335
607.0,12.645833333333334
0.0,0.0
-22.0,-0.4583333333333333
-21.0,-0.4375
88.0,1.8333333333333333
0.0,0.0
0.0,0.0
0.0,0.0
-144.0,-3.0
283.0,5.895833333333333
0.0,0.0
-21.0,-0.4375
0.0,0.0
115.0,2.3958333333333335
-24.0,-0.5
0.0,0.0
-21.0,-0.4375
0.0,0.0
0.0,0.0
0.0,0.0
0.0,0.0
-12.0,-0.25
0.0,0.0
276.0,5.75
144.0,3.0
140.0,2.9166666666666665
132.0,2.75
-9.0,-0.1875
-23.0,-0.4791666666666667
3135.0,65.3125
-18.0,-0.375
0.0,0.0
-48.0,-1.0
0.0,0.0
261.0,5.4375
0.0,0.0
-6.0,-0.125
417.0,8.6875
-29.0,-0.6041666666666666
-3.0,-0.0625
-6.0,-0.125
0.0,0.0
0.0,0.0
0.0,0.0
272.0,5.666666666666667
-18.0,-0.375
384.0,8.0
142.0,2.9583333333333335
432.0,9.0
-27.0,-0.5625
-27.0,-0.5625
-101.0,-2.1041666666666665
57.0,1.1875
-107.0,-2.2291666666666665
-117.0,-2.4375
-99.0,-2.0625
-45.0,-0.9375
92.0,1.9166666666666667
396.0,8.25
-102.0,-2.125
519.0,10.8125
1039.0,21.645833333333332
377.0,7.854166666666667
0.0,0.0
-21.0,-0.4375
0.0,0.0
0.0,0.0
-106.0,-2.2083333333333335
-15.0,-0.3125
0.0,0.0
0.0,0.0
-70.0,-1.4583333333333333
1504.0,31.333333333333332
0.0,0.0
0.0,0.0
549.0,11.4375
-21.0,-0.4375
-22.0,-0.4583333333333333
622.0,12.958333333333334
-21.0,-0.4375
-45.0,-0.9375
352.0,7.333333333333333
0.0,0.0
-21.0,-0.4375
-81.0,-1.6875
0.0,0.0
0.0,0.0
-30.0,-0.625
-27.0,-0.5625
138.0,2.875
0.0,0.0
587.0,12.229166666666666
-21.0,-0.4375
-86.0,-1.7916666666666667
0.0,0.0
-3.0,-0.0625
2231.0,46.479166666666664
-21.0,-0.4375
-6.0,-0.125
0.0,0.0
259.0,5.395833333333333
0.0,0.0
125.0,2.6041666666666665
-94.0,-1.9583333333333333
0.0,0.0
261.0,5.4375
0.0,0.0
0.0,0.0
0.0,0.0
0.0,0.0
-21.0,-0.4375
-22.0,-0.4583333333333333
0.0,0.0
-23.0,-0.4791666666666667
0.0,0.0
0.0,0.0
-15.0,-0.3125
-49.0,-1.0208333333333333
0.0,0.0
-21.0,-0.4375
0.0,0.0
537.0,11.1875
0.0,0.0
120.0,2.5
561.0,11.6875
-23.0,-0.4791666666666667
-31.0,-0.6458333333333334
278.0,5.791666666666667
0.0,0.0
-144.0,-3.0
0.0,0.0
0.0,0.0
0.0,0.0
0.0,0.0
-3.0,-0.0625
0.0,0.0
144.0,3.0
-22.0,-0.4583333333333333
0.0,0.0
-18.0,-0.375
-22.0,-0.4583333333333333
0.0,0.0
0.0,0.0
0.0,0.0
0.0,0.0
0.0,0.0
262.0,5.458333333333333
0.0,0.0
0.0,0.0
144.0,3.0
-6.0,-0.125
0.0,0.0
1001.0,20.854166666666668
-21.0,-0.4375
144.0,3.0
0.0,0.0
0.0,0.0
144.0,3.0
0.0,0.0
-21.0,-0.4375
432.0,9.0
0.0,0.0
0.0,0.0
-21.0,-0.4375
0.0,0.0
-3.0,-0.0625
0.0,0.0
0.0,0.0
684.0,14.25
0.0,0.0
-26.0,-0.5416666666666666
-144.0,-3.0
216.0,4.5
225.0,4.6875
