"",Microsoft,...,to,for,Windows,the,Microsoft's,and,in,of,on,a,10,with,is,Surface,Xbox,new,its,Office,The,One,at,Pro,Lumia,To,"Microsoft,",New,as,Azure,Apple,2016,Is,from,With,app,will,Cloud,Google,HoloLens,cloud,up,your,you,How,For,now,Band,by,A,Edge,(MSFT),Android,data,be,more,Microsoft’s,out,4,it,Why,support,Mobile,that,has,2,are,an,Corporation,CEO,-,365,LinkedIn,PC,Skype,In,update,into,but,On,Cortana,And,users,launches,iOS,free,can,says,950,Will,Data,upgrade,Nadella,over,Satya,App,just,Update,"Google,",apps
Microsoft,1,0,0,0,0,1,0,1,0,0,0,0,0,0,0,0,0,0,0,0,0,0,0,0,0,0,0,0,0,0,0,0,0,0,0,0,0,0,0,0,0,0,0,0,0,0,0,0,0,0,0,0,0,0,0,0,0,0,0,0,0,0,0,0,0,0,0,0,0,0,0,0,0,0,0,0,0,0,0,0,0,0,0,0,0,0,0,0,0,0,0,0,0,0,0,0,0,0,0,0
...,0,6730,1923,802,0,1600,0,724,1177,1037,729,532,24,212,427,0,0,120,68,0,586,18,200,0,0,137,0,140,490,0,6,102,144,139,70,5,237,2,4,0,2,94,17,30,168,68,23,0,212,145,1,0,0,42,205,124,0,38,13,72,102,27,2,91,111,21,139,79,2,25,163,0,0,0,0,125,3,73,168,64,0,82,1,8,0,23,93,318,0,117,20,2,0,113,0,0,42,3,1,0
to,0,1923,9606,504,0,1268,0,349,1444,700,679,518,22,187,297,0,0,153,117,5,207,9,203,2,0,13,0,138,396,0,2,259,90,155,34,8,109,1,2,0,0,242,11,21,154,9,22,0,234,48,0,0,0,50,297,139,0,56,33,61,51,92,4,37,91,17,73,73,0,21,270,1,0,0,0,21,5,55,100,6,0,1,1,11,0,20,31,360,0,37,13,3,0,88,0,2,26,2,1,1
for,0,802,504,3827,0,995,0,204,473,279,183,424,12,41,229,0,0,87,25,0,121,8,58,0,0,0,0,67,206,0,1,141,84,14,7,3,62,0,0,0,0,54,19,14,22,2,18,0,27,70,0,0,0,11,142,42,0,14,9,19,81,18,2,20,26,2,40,45,1,13,74,0,0,0,0,6,0,10,66,0,0,0,0,3,0,7,18,125,0,15,12,3,0,29,0,1,5,0,0,1
Windows,0,0,0,0,0,0,0,0,0,0,0,0,0,0,0,0,0,0,0,0,0,0,0,0,0,0,0,0,0,0,0,0,0,0,0,0,0,0,0,0,0,0,0,0,0,0,0,0,0,0,0,0,0,0,0,0,0,0,0,0,0,0,0,0,0,0,0,0,0,0,0,0,0,0,0,0,0,0,0,0,0,0,0,0,0,0,0,0,0,0,0,0,0,0,0,0,0,0,0,0
the,1,1600,1268,995,0,8375,0,807,1048,1318,704,536,22,104,760,1,0,102,29,0,617,31,119,0,0,28,0,122,169,0,7,127,373,125,29,5,229,2,2,0,9,67,28,55,459,23,32,0,97,130,1,0,0,29,176,51,0,44,18,93,301,8,3,133,92,13,195,42,0,11,122,1,0,0,0,55,2,67,77,14,0,5,0,1,0,7,89,125,0,122,30,0,0,60,0,2,57,1,0,1
Microsoft's,0,0,0,0,0,0,0,0,0,0,0,0,0,0,0,0,0,0,0,0,0,0,0,0,0,0,0,0,0,0,0,0,0,0,0,0,0,0,0,0,0,0,0,0,0,0,0,0,0,0,0,0,0,0,0,0,0,0,0,0,0,0,0,0,0,0,0,0,0,0,0,0,0,0,0,0,0,0,0,0,0,0,0,0,0,0,0,0,0,0,0,0,0,0,0,0,0,0,0,0
and,1,724,349,204,0,807,0,2069,272,271,228,150,5,43,158,0,0,33,16,2,222,4,37,0,0,3,0,34,52,0,4,47,37,29,10,0,68,1,1,0,1,26,10,11,52,3,8,0,34,24,0,0,0,7,27,12,0,9,7,29,24,6,1,15,18,4,65,15,0,4,41,0,0,0,0,12,2,14,7,4,0,0,0,0,0,9,15,53,0,10,7,0,0,22,0,0,7,0,0,1
in,0,1177,1444,473,0,1048,0,272,6811,607,325,446,48,114,208,0,0,100,28,0,220,19,315,3,0,11,0,84,319,0,2,470,61,44,25,4,133,1,2,0,0,125,8,15,78,5,11,0,251,39,2,0,0,44,108,120,0,29,31,28,48,8,2,33,59,38,58,50,0,11,190,0,0,0,0,8,1,18,91,4,0,1,0,1,0,5,50,235,0,50,19,0,0,49,0,1,41,1,1,0
of,0,1037,700,279,0,1318,0,271,607,4093,375,316,22,64,226,0,0,59,35,0,357,15,151,0,0,6,0,52,165,0,0,59,55,37,11,2,63,0,1,0,2,43,10,5,54,8,7,0,85,62,3,0,0,17,71,53,0,76,7,14,51,20,1,22,30,14,54,45,1,7,89,1,0,0,0,23,11,15,64,6,0,1,0,3,0,5,18,117,0,27,9,0,0,41,0,1,14,1,0,1
on,0,729,679,183,0,704,0,228,325,375,3461,147,7,79,127,0,0,45,42,2,89,5,65,0,0,5,0,44,153,0,5,50,36,49,29,1,47,1,0,0,0,43,6,6,28,5,9,0,35,14,2,0,0,25,45,42,0,14,10,29,32,8,1,9,41,1,43,30,0,18,72,0,0,0,0,11,12,9,44,1,0,1,0,3,0,7,11,106,0,9,11,0,0,35,0,0,8,1,0,1
a,0,532,518,424,0,536,0,150,446,316,147,2312,4,58,248,0,0,62,24,0,182,2,59,0,0,2,0,33,95,0,1,40,96,41,17,1,62,1,0,0,3,29,7,12,75,12,11,0,43,29,0,0,0,3,89,17,0,13,5,20,83,0,0,23,40,1,49,18,0,3,43,0,0,0,0,23,0,12,55,4,0,0,0,0,0,6,35,71,0,24,6,1,0,13,0,1,35,0,0,0
10,0,24,22,12,0,22,0,5,48,22,7,4,88,1,1,0,0,2,0,0,9,2,2,0,0,1,0,0,3,0,0,8,1,2,0,0,5,0,0,0,0,0,0,4,0,0,0,0,1,1,0,0,0,1,4,2,0,0,0,0,1,0,0,1,1,0,5,0,0,0,0,0,0,0,0,3,0,0,1,0,0,0,0,0,0,0,1,2,0,2,0,0,0,4,0,0,1,0,0,0
with,0,212,187,41,0,104,0,43,114,64,79,58,1,724,30,0,0,18,6,0,25,0,17,0,0,0,0,5,21,0,1,21,3,4,1,1,12,0,0,0,0,17,0,0,10,0,0,0,10,8,0,0,0,2,18,7,0,5,7,3,3,6,0,3,8,1,5,8,0,1,14,0,0,0,0,3,0,6,19,0,0,0,0,5,0,5,13,26,0,2,4,1,0,4,0,1,2,0,0,0
is,0,427,297,229,0,760,0,158,208,226,127,248,1,30,1797,0,0,29,43,1,238,6,36,0,0,6,0,9,54,0,1,19,4,14,4,2,13,0,0,0,5,14,8,11,59,15,24,0,27,25,0,0,0,10,25,22,0,8,4,52,88,3,0,53,8,1,22,39,0,1,42,0,0,0,0,6,1,12,79,2,0,0,0,0,0,2,11,125,0,2,2,0,0,16,0,0,31,0,0,0
Surface,0,0,0,0,0,1,0,0,0,0,0,0,0,0,0,3,0,0,0,0,1,0,0,0,0,0,0,0,2,0,0,0,0,0,0,0,0,0,0,0,0,0,0,0,0,0,0,0,0,0,0,0,0,0,0,0,0,0,0,0,0,0,0,0,0,0,0,0,0,0,0,0,0,0,0,0,0,0,0,0,0,0,0,0,0,0,0,0,0,0,0,0,0,0,0,0,0,0,0,0
Xbox,0,0,0,0,0,0,0,0,0,0,0,0,0,0,0,0,0,0,0,0,0,0,0,0,0,0,0,0,0,0,0,0,0,0,0,0,0,0,0,0,0,0,0,0,0,0,0,0,0,0,0,0,0,0,0,0,0,0,0,0,0,0,0,0,0,0,0,0,0,0,0,0,0,0,0,0,0,0,0,0,0,0,0,0,0,0,0,0,0,0,0,0,0,0,0,0,0,0,0,0
new,0,120,153,87,0,102,0,33,100,59,45,62,2,18,29,0,0,503,4,0,28,1,6,0,0,0,0,4,38,0,1,5,3,7,3,0,18,0,0,0,0,13,0,1,6,4,0,0,7,15,0,0,0,3,17,1,0,1,0,6,5,0,0,0,4,0,8,4,0,0,9,0,0,0,0,2,0,5,4,0,0,0,0,6,0,1,4,42,0,3,0,0,0,7,0,0,1,0,1,0
its,0,68,117,25,0,29,0,16,28,35,42,24,0,6,43,0,0,4,314,0,17,0,9,0,0,0,0,2,25,0,0,9,4,5,1,0,10,0,0,0,0,22,0,0,29,0,1,0,3,2,0,0,0,0,3,2,0,4,0,6,5,1,0,7,20,0,4,1,0,0,11,0,0,0,0,0,1,3,6,0,0,0,0,1,0,0,7,8,0,3,0,1,0,4,0,0,10,0,0,0
Office,0,0,5,0,0,0,0,2,0,0,2,0,0,0,1,0,0,0,0,10,0,0,0,0,0,0,0,2,3,0,0,0,0,0,0,0,0,0,0,0,0,1,0,0,0,0,0,0,0,0,0,0,0,0,0,0,0,0,0,0,0,0,0,0,0,0,0,0,0,0,0,0,0,0,0,0,0,0,2,0,0,0,0,0,0,0,0,1,0,0,1,0,0,0,0,0,0,0,0,0
The,0,586,207,121,0,617,0,222,220,357,89,182,9,25,238,1,0,28,17,0,2635,14,31,0,0,121,0,66,28,0,2,47,240,18,24,6,26,0,0,0,2,9,2,13,79,94,7,0,25,104,3,0,0,2,28,10,0,3,6,26,68,1,1,34,30,6,21,17,0,5,41,0,0,0,0,100,0,6,24,86,0,124,0,2,0,3,9,23,0,60,3,0,0,7,0,4,14,2,0,1
One,0,18,9,8,0,31,0,4,19,15,5,2,2,0,6,0,0,1,0,0,14,86,2,0,0,5,0,1,2,0,0,2,9,2,0,0,0,0,0,0,0,0,0,0,4,2,1,0,0,2,0,0,0,0,1,0,0,2,0,0,4,0,0,1,1,0,0,2,0,0,4,0,0,0,0,2,0,0,0,2,0,1,0,1,0,0,0,0,0,3,0,0,0,0,0,0,0,0,0,0
at,0,200,203,58,0,119,0,37,315,151,65,59,2,17,36,0,0,6,9,0,31,2,1021,0,0,6,0,12,53,0,0,46,8,10,8,1,8,0,0,0,0,11,1,1,3,1,6,0,15,16,0,0,0,7,14,6,0,4,2,6,2,0,0,3,3,11,7,3,0,0,25,0,0,0,0,1,1,4,15,0,0,0,0,0,0,0,7,28,0,3,3,0,0,20,0,0,10,0,0,0
Pro,0,0,2,0,0,0,0,0,3,0,0,0,0,0,0,0,0,0,0,0,0,0,0,4,0,0,0,0,0,0,0,0,0,0,0,0,0,0,0,0,0,0,0,0,0,0,0,0,0,0,0,0,0,0,0,0,0,0,0,0,0,0,0,0,0,0,0,0,0,0,0,0,0,0,0,0,0,0,0,0,0,0,0,0,0,0,0,0,0,0,0,0,0,0,0,0,0,0,0,0
Lumia,0,0,0,0,0,0,0,0,0,0,0,0,0,0,0,0,0,0,0,0,0,0,0,0,0,0,0,0,0,0,0,0,0,0,0,0,0,0,0,0,0,0,0,0,0,0,0,0,0,0,0,0,0,0,0,0,0,0,0,0,0,0,0,0,0,0,0,0,0,0,0,0,0,0,0,0,0,0,0,0,0,0,0,0,0,0,0,0,0,0,0,0,0,0,0,0,0,0,0,0
To,0,137,13,0,0,28,0,3,11,6,5,2,1,0,6,0,0,0,0,0,121,5,6,0,0,451,0,10,1,0,0,4,28,0,8,0,0,0,0,0,0,0,0,0,20,16,0,0,0,31,1,0,0,0,1,2,0,0,3,0,8,0,0,3,0,1,0,0,0,0,4,0,0,0,0,37,0,0,0,18,0,16,0,0,0,0,0,0,0,18,5,0,0,1,0,1,0,0,0,0
"Microsoft,",0,0,0,0,0,0,0,0,0,0,0,0,0,0,0,0,0,0,0,0,0,0,0,0,0,0,0,0,0,0,0,0,0,0,0,0,0,0,0,0,0,0,0,0,0,0,0,0,0,0,0,0,0,0,0,0,0,0,0,0,0,0,0,0,0,0,0,0,0,0,0,0,0,0,0,0,0,0,0,0,0,0,0,0,0,0,0,0,0,0,0,0,0,0,0,0,0,0,0,0
New,0,140,138,67,0,122,0,34,84,52,44,33,0,5,9,0,0,4,2,2,66,1,12,0,0,10,0,545,21,0,0,9,16,4,6,0,10,0,0,0,0,6,0,0,9,12,1,0,11,37,0,0,0,1,6,2,0,0,0,4,4,2,0,1,3,0,3,3,1,4,10,0,0,0,0,8,1,5,6,5,0,3,0,1,0,0,2,6,0,11,7,0,0,3,0,2,0,0,0,0
as,0,490,396,206,0,169,0,52,319,165,153,95,3,21,54,2,0,38,25,3,28,2,53,0,0,1,0,21,2210,0,0,29,28,8,11,1,12,0,0,0,0,62,0,7,9,1,0,0,34,5,0,0,0,25,20,28,0,19,1,52,5,7,1,4,5,0,18,10,1,0,41,0,0,0,0,4,0,8,15,2,0,0,0,7,0,1,3,43,0,1,15,0,0,48,0,0,20,2,0,0
Azure,0,0,0,0,0,0,0,0,0,0,0,0,0,0,0,0,0,0,0,0,0,0,0,0,0,0,0,0,0,0,0,0,0,0,0,0,0,0,0,0,0,0,0,0,0,0,0,0,0,0,0,0,0,0,0,0,0,0,0,0,0,0,0,0,0,0,0,0,0,0,0,0,0,0,0,0,0,0,0,0,0,0,0,0,0,0,0,0,0,0,0,0,0,0,0,0,0,0,0,0
Apple,0,6,2,1,0,7,0,4,2,0,5,1,0,1,1,0,0,1,0,0,2,0,0,0,0,0,0,0,0,0,16,0,0,0,0,3,0,0,0,0,0,0,0,0,0,0,0,0,0,0,0,0,0,0,0,0,0,0,0,0,0,0,0,1,0,0,0,1,0,3,0,0,0,0,0,1,0,0,0,1,0,0,0,0,0,0,0,1,0,0,0,0,0,0,0,0,0,0,0,0
2016,0,102,259,141,0,127,0,47,470,59,50,40,8,21,19,0,0,5,9,0,47,2,46,0,0,4,0,9,29,0,0,785,7,5,1,2,46,0,0,0,0,8,1,2,11,5,0,0,26,3,0,0,0,1,20,8,0,1,4,2,8,1,2,9,0,2,3,2,0,5,61,0,0,0,0,17,0,14,13,1,0,5,0,0,0,0,9,39,0,24,0,0,0,8,0,1,2,0,0,0
Is,0,144,90,84,0,373,0,37,61,55,36,96,1,3,4,0,0,3,4,0,240,9,8,0,0,28,0,16,28,0,0,7,842,9,6,0,0,0,1,0,0,0,2,0,78,28,0,0,6,33,0,0,0,0,1,2,0,1,1,13,64,0,0,5,1,2,0,6,0,7,8,0,0,0,0,28,0,5,6,15,0,13,0,0,0,0,2,1,0,7,4,0,0,2,0,0,2,0,0,0
from,0,139,155,14,0,125,0,29,44,37,49,41,2,4,14,0,0,7,5,0,18,2,10,0,0,0,0,4,8,0,0,5,9,492,0,0,19,0,0,0,0,7,1,3,14,0,0,0,3,6,0,0,0,7,16,3,0,2,0,2,4,0,0,1,6,3,10,6,1,0,17,0,0,0,0,1,0,8,5,0,0,0,0,0,0,1,12,22,0,0,1,0,0,2,0,0,4,0,1,1
With,0,70,34,7,0,29,0,10,25,11,29,17,0,1,4,0,0,3,1,0,24,0,8,0,0,8,0,6,11,0,0,1,6,0,208,0,0,0,0,0,0,1,0,0,4,3,1,0,0,13,1,0,0,0,0,1,0,0,0,0,3,0,0,0,0,0,0,0,0,2,4,0,0,0,0,16,0,0,2,8,0,4,0,0,0,0,2,0,0,5,1,0,0,0,0,0,0,0,0,0
app,0,5,8,3,0,5,0,0,4,2,1,1,0,1,2,0,0,0,0,0,6,0,1,0,0,0,0,0,1,0,3,2,0,0,0,23,1,0,0,0,0,0,0,0,0,0,0,0,3,0,0,0,0,0,0,1,0,0,0,0,1,0,0,1,0,0,0,1,0,2,0,0,0,0,0,0,0,1,1,1,0,0,0,0,0,0,0,1,0,0,0,0,0,0,0,0,1,0,0,0
will,0,237,109,62,0,229,0,68,133,63,47,62,5,12,13,0,0,18,10,0,26,0,8,0,0,0,0,10,12,0,0,46,0,19,0,1,834,0,0,0,0,8,2,8,39,4,5,0,21,9,0,0,0,3,93,11,0,7,5,21,14,3,0,24,4,3,7,4,0,1,28,0,0,0,0,3,0,10,14,0,0,1,0,0,0,2,2,95,0,0,0,0,0,10,0,0,1,0,0,0
Cloud,0,2,1,0,0,2,0,1,1,0,1,1,0,0,0,0,0,0,0,0,0,0,0,0,0,0,0,0,0,0,0,0,0,0,0,0,0,3,0,0,0,0,0,0,1,0,0,0,0,0,0,0,0,1,0,0,0,0,0,0,0,0,0,0,0,0,0,0,0,0,0,0,0,0,0,0,0,0,0,0,0,0,0,0,0,0,0,0,0,0,0,0,0,0,0,0,0,0,0,0
Google,0,4,2,0,0,2,0,1,2,1,0,0,0,0,0,0,0,0,0,0,0,0,0,0,0,0,0,0,0,0,0,0,1,0,0,0,0,0,9,0,0,0,0,0,1,0,0,0,0,0,0,0,0,0,0,0,0,0,0,0,0,1,0,0,0,0,0,0,0,0,0,0,0,0,0,0,0,0,0,0,0,0,0,0,0,0,0,1,0,0,0,0,0,0,0,0,0,0,0,0
HoloLens,0,0,0,0,0,0,0,0,0,0,0,0,0,0,0,0,0,0,0,0,0,0,0,0,0,0,0,0,0,0,0,0,0,0,0,0,0,0,0,0,0,0,0,0,0,0,0,0,0,0,0,0,0,0,0,0,0,0,0,0,0,0,0,0,0,0,0,0,0,0,0,0,0,0,0,0,0,0,0,0,0,0,0,0,0,0,0,0,0,0,0,0,0,0,0,0,0,0,0,0
cloud,0,2,0,0,0,9,0,1,0,2,0,3,0,0,5,0,0,0,0,0,2,0,0,0,0,0,0,0,0,0,0,0,0,0,0,0,0,0,0,0,17,0,0,0,3,0,0,0,0,0,0,0,0,0,0,0,0,0,0,0,0,0,0,0,0,0,1,0,0,0,0,0,0,0,0,0,0,0,5,0,0,0,0,0,0,0,0,0,0,0,0,0,0,7,0,0,2,0,0,0
up,0,94,242,54,0,67,0,26,125,43,43,29,0,17,14,0,0,13,22,1,9,0,11,0,0,0,0,6,62,0,0,8,0,7,1,0,8,0,0,0,0,536,1,0,15,1,2,0,27,0,0,0,0,8,5,2,0,1,1,6,3,1,0,3,8,4,4,1,0,1,30,0,0,0,0,2,0,2,21,0,0,0,0,0,0,0,7,20,0,1,0,0,0,9,0,0,2,0,0,0
your,0,17,11,19,0,28,0,10,8,10,6,7,0,0,8,0,0,0,0,0,2,0,1,0,0,0,0,0,0,0,0,1,2,1,0,0,2,0,0,0,0,1,69,13,7,0,1,0,0,3,0,0,0,0,6,0,0,1,0,1,5,0,0,9,0,0,2,0,0,0,0,0,0,0,0,0,0,2,1,0,0,1,0,0,0,0,4,0,0,0,0,0,0,0,0,0,1,0,0,0
you,0,30,21,14,0,55,0,11,15,5,6,12,4,0,11,0,0,1,0,0,13,0,1,0,0,0,0,0,7,0,0,2,0,3,0,0,8,0,0,0,0,0,13,122,4,0,2,0,1,1,0,0,0,0,7,4,0,2,0,4,7,1,0,8,2,0,9,0,0,0,2,0,0,0,0,0,0,1,0,0,0,0,0,0,0,0,4,0,0,0,0,0,0,0,0,0,0,0,0,0
How,0,168,154,22,0,459,0,52,78,54,28,75,0,10,59,0,0,6,29,0,79,4,3,0,0,20,0,9,9,0,0,11,78,14,4,0,39,1,1,0,3,15,7,4,727,3,2,0,9,11,0,0,0,2,5,2,0,6,0,3,3,1,0,2,13,3,20,16,0,1,8,0,0,0,0,16,0,2,1,7,0,10,0,0,0,2,47,1,0,36,6,0,0,2,0,0,0,0,0,0
For,0,68,9,2,0,23,0,3,5,8,5,12,0,0,15,0,0,4,0,0,94,2,1,0,0,16,0,12,1,0,0,5,28,0,3,0,4,0,0,0,0,1,0,0,3,261,0,0,0,34,0,0,0,0,8,2,0,0,0,1,6,0,0,1,0,0,0,4,0,0,3,0,0,0,0,17,0,0,1,8,0,19,0,0,0,0,0,0,0,8,4,0,0,0,0,1,2,0,0,0
now,0,23,22,18,0,32,0,8,11,7,9,11,0,0,24,0,0,0,1,0,7,1,6,0,0,0,0,1,0,0,0,0,0,0,1,0,5,0,0,0,0,2,1,2,2,0,99,0,1,0,0,0,0,2,4,6,0,1,0,0,1,0,0,1,2,0,5,0,0,0,3,0,0,0,0,0,0,0,2,0,0,0,0,0,0,0,2,4,0,0,0,0,0,1,0,0,0,0,0,0
Band,0,0,0,0,0,0,0,0,0,0,0,0,0,0,0,0,0,0,0,0,0,0,0,0,0,0,0,0,0,0,0,0,0,0,0,0,0,0,0,0,0,0,0,0,0,0,0,1,0,0,0,0,0,0,0,0,0,0,0,0,0,0,0,0,0,0,0,0,0,0,0,0,0,0,0,0,0,0,0,0,0,0,0,0,0,0,0,0,0,0,0,0,0,0,0,0,0,0,0,0
by,0,212,234,27,0,97,0,34,251,85,35,43,1,10,27,0,0,7,3,0,25,0,15,0,0,0,0,11,34,0,0,26,6,3,0,3,21,0,0,0,0,27,0,1,9,0,1,0,892,5,0,0,0,5,44,15,0,4,12,3,3,0,0,3,4,2,12,3,0,1,46,0,0,0,0,0,0,4,12,0,0,1,0,0,0,0,11,21,0,2,1,0,0,7,0,1,2,0,0,0
A,0,145,48,70,0,130,0,24,39,62,14,29,1,8,25,0,0,15,2,0,104,2,16,0,0,31,0,37,5,0,0,3,33,6,13,0,9,0,0,0,0,0,3,1,11,34,0,0,5,508,1,0,0,1,7,4,0,2,1,0,13,0,0,9,6,2,2,4,0,2,10,0,0,0,0,33,0,2,4,16,0,19,0,0,0,0,2,2,0,14,3,0,0,5,0,2,1,1,0,0
Edge,0,1,0,0,0,1,0,0,2,3,2,0,0,0,0,0,0,0,0,0,3,0,0,0,0,1,0,0,0,0,0,0,0,0,1,0,0,0,0,0,0,0,0,0,0,0,0,0,0,1,7,0,0,0,0,0,0,0,0,0,0,0,0,0,0,0,0,1,0,0,1,0,0,0,0,0,0,0,0,3,0,0,0,0,0,0,0,0,0,0,0,0,0,0,0,0,0,0,0,0
(MSFT),0,0,0,0,0,0,0,0,0,0,0,0,0,0,0,0,0,0,0,0,0,0,0,0,0,0,0,0,0,0,0,0,0,0,0,0,0,0,0,0,0,0,0,0,0,0,0,0,0,0,0,0,0,0,0,0,0,0,0,0,0,0,0,0,0,0,0,0,0,0,0,0,0,0,0,0,0,0,0,0,0,0,0,0,0,0,0,0,0,0,0,0,0,0,0,0,0,0,0,0
Android,0,0,0,0,0,0,0,0,0,0,0,0,0,0,0,0,0,0,0,0,0,0,0,0,0,0,0,0,0,0,0,0,0,0,0,0,0,0,0,0,0,0,0,0,0,0,0,0,0,0,0,0,0,0,0,0,0,0,0,0,0,0,0,0,0,0,0,0,0,0,0,0,0,0,0,0,0,0,0,0,0,0,0,0,0,0,0,0,0,0,0,0,0,0,0,0,0,0,0,0
data,0,42,50,11,0,29,0,7,44,17,25,3,1,2,10,0,0,3,0,0,2,0,7,0,0,0,0,1,25,0,0,1,0,7,0,0,3,1,0,0,0,8,0,0,2,0,2,0,5,1,0,0,0,232,1,8,0,1,0,1,1,0,0,1,0,2,1,0,0,0,5,0,0,0,0,1,0,0,15,0,0,0,0,0,0,0,0,8,0,0,0,0,0,6,0,0,3,0,0,0
be,0,205,297,142,0,176,0,27,108,71,45,89,4,18,25,0,0,17,3,0,28,1,14,0,0,1,0,6,20,0,0,20,1,16,0,0,93,0,0,0,0,5,6,7,5,8,4,0,44,7,0,0,0,1,706,25,0,3,1,20,26,0,0,13,3,0,9,9,0,1,15,0,0,0,0,3,0,7,22,0,0,1,0,0,0,1,35,60,0,7,1,0,0,21,0,0,7,0,0,1
more,0,124,139,42,0,51,0,12,120,53,42,17,2,7,22,0,0,1,2,0,10,0,6,0,0,2,0,2,28,0,0,8,2,3,1,1,11,0,0,0,0,2,0,4,2,2,6,0,15,4,0,0,0,8,25,500,0,5,1,3,8,14,1,5,8,1,20,1,0,0,10,0,0,0,0,3,1,2,25,1,0,0,1,0,0,0,3,14,0,0,0,0,0,3,0,0,4,0,0,0
Microsoft’s,0,0,0,0,0,0,0,0,0,0,0,0,0,0,0,0,0,0,0,0,0,0,0,0,0,0,0,0,0,0,0,0,0,0,0,0,0,0,0,0,0,0,0,0,0,0,0,0,0,0,0,0,0,0,0,0,0,0,0,0,0,0,0,0,0,0,0,0,0,0,0,0,0,0,0,0,0,0,0,0,0,0,0,0,0,0,0,0,0,0,0,0,0,0,0,0,0,0,0,0
out,0,38,56,14,0,44,0,9,29,76,14,13,0,5,8,0,0,1,4,0,3,2,4,0,0,0,0,0,19,0,0,1,1,2,0,0,7,0,0,0,0,1,1,2,6,0,1,0,4,2,0,0,0,1,3,5,0,175,0,3,0,0,0,1,5,1,7,2,0,0,0,0,0,0,0,1,0,0,6,0,0,0,0,0,0,0,2,3,0,0,0,0,0,0,0,0,0,0,0,0
4,0,13,33,9,0,18,0,7,31,7,10,5,0,7,4,0,0,0,0,0,6,0,2,0,0,3,0,0,1,0,0,4,1,0,0,0,5,0,0,0,0,1,0,0,0,0,0,0,12,1,0,0,0,0,1,1,0,0,94,3,0,0,0,0,1,0,3,0,0,0,7,0,0,0,0,2,0,0,0,1,0,1,0,0,0,0,0,1,0,0,0,0,0,2,0,0,2,0,0,0
it,0,72,61,19,0,93,0,29,28,14,29,20,0,3,52,0,0,6,6,0,26,0,6,0,0,0,0,4,52,0,0,2,13,2,0,0,21,0,0,0,0,6,1,4,3,1,0,0,3,0,0,0,0,1,20,3,0,3,3,248,6,0,0,3,7,0,6,2,0,0,9,0,0,0,0,1,0,3,30,0,0,0,0,0,0,1,10,19,0,3,0,0,0,2,0,0,5,0,0,0
Why,0,102,51,81,0,301,0,24,48,51,32,83,1,3,88,0,0,5,5,0,68,4,2,0,0,8,0,4,5,0,0,8,64,4,3,1,14,0,0,0,0,3,5,7,3,6,1,0,3,13,0,0,0,1,26,8,0,0,0,6,500,0,0,0,4,0,20,10,0,2,2,0,0,0,0,8,0,4,1,0,0,10,0,0,0,0,11,1,0,16,0,0,0,3,0,0,5,0,0,0
support,0,27,92,18,0,8,0,6,8,20,8,0,0,6,3,0,0,0,1,0,1,0,0,0,0,0,0,2,7,0,0,1,0,0,0,0,3,0,1,0,0,1,0,1,1,0,0,0,0,0,0,0,0,0,0,14,0,0,0,0,0,129,0,2,4,0,1,0,0,0,4,0,0,0,0,0,0,0,1,0,0,0,0,0,0,0,2,4,0,0,2,0,0,2,0,0,0,0,0,0
Mobile,0,2,4,2,0,3,0,1,2,1,1,0,0,0,0,0,0,0,0,0,1,0,0,0,0,0,0,0,1,0,0,2,0,0,0,0,0,0,0,0,0,0,0,0,0,0,0,0,0,0,0,0,0,0,0,1,0,0,0,0,0,0,8,0,0,0,0,0,0,0,0,0,0,0,0,0,0,0,0,0,0,0,1,0,0,0,0,0,0,0,0,0,0,0,0,1,0,0,0,0
that,0,91,37,20,0,133,0,15,33,22,9,23,1,3,53,0,0,0,7,0,34,1,3,0,0,3,0,1,4,0,1,9,5,1,0,1,24,0,0,0,0,3,9,8,2,1,1,0,3,9,0,0,0,1,13,5,0,1,0,3,0,2,0,234,13,0,15,16,0,0,4,0,0,0,0,1,0,5,9,0,0,0,0,0,0,0,13,5,0,3,2,0,0,1,0,0,5,0,0,0
has,0,111,91,26,0,92,0,18,59,30,41,40,1,8,8,0,0,4,20,0,30,1,3,0,0,0,0,3,5,0,0,0,1,6,0,0,4,0,0,0,0,8,0,2,13,0,2,0,4,6,0,0,0,0,3,8,0,5,1,7,4,4,0,13,355,1,0,4,0,2,10,0,0,0,0,2,0,4,10,1,0,1,0,0,0,0,0,45,0,0,2,0,0,5,0,0,2,0,0,0
2,0,21,17,2,0,13,0,4,38,14,1,1,0,1,1,0,0,0,0,0,6,0,11,0,0,1,0,0,0,0,0,2,2,3,0,0,3,0,0,0,0,4,0,0,3,0,0,0,2,2,0,0,0,2,0,1,0,1,0,0,0,0,0,0,1,85,8,0,0,0,2,0,0,0,0,1,0,0,1,1,0,0,0,0,0,0,0,4,0,1,0,0,0,1,0,0,1,0,0,1
are,0,139,73,40,0,195,0,65,58,54,43,49,5,5,22,0,0,8,4,0,21,0,7,0,0,0,0,3,18,0,0,3,0,10,0,0,7,0,0,0,1,4,2,9,20,0,5,0,12,2,0,0,0,1,9,20,0,7,3,6,20,1,0,15,0,8,431,8,0,0,14,0,0,0,0,0,0,6,26,1,0,0,0,0,0,1,2,21,0,1,0,0,0,5,0,0,7,0,0,0
an,0,79,73,45,0,42,0,15,50,45,30,18,0,8,39,0,0,4,1,0,17,2,3,0,0,0,0,3,10,0,1,2,6,6,0,1,4,0,0,0,0,1,0,0,16,4,0,0,3,4,1,0,0,0,9,1,0,2,0,2,10,0,0,16,4,0,8,290,0,0,4,0,0,0,0,11,0,1,4,2,0,0,0,0,0,0,5,15,0,3,1,1,0,1,0,0,5,0,0,0
Corporation,0,2,0,1,0,0,0,0,0,1,0,0,0,0,0,0,0,0,0,0,0,0,0,0,0,0,0,1,1,0,0,0,0,1,0,0,0,0,0,0,0,0,0,0,0,0,0,0,0,0,0,0,0,0,0,0,0,0,0,0,0,0,0,0,0,0,0,0,7,0,0,0,0,0,0,0,0,0,0,0,0,0,0,0,0,0,0,0,0,0,0,0,0,0,0,0,0,0,0,0
CEO,0,25,21,13,0,11,0,4,11,7,18,3,0,1,1,0,0,0,0,0,5,0,0,0,0,0,0,4,0,0,3,5,7,0,2,2,1,0,0,0,0,1,0,0,1,0,0,0,1,2,0,0,0,0,1,0,0,0,0,0,2,0,0,0,2,0,0,0,0,95,5,0,0,0,0,1,0,1,1,1,0,0,0,0,0,0,0,6,0,1,0,0,0,0,0,0,0,0,0,0
-,0,163,270,74,0,122,0,41,190,89,72,43,0,14,42,0,0,9,11,0,41,4,25,0,0,4,0,10,41,0,0,61,8,17,4,0,28,0,0,0,0,30,0,2,8,3,3,0,46,10,1,0,0,5,15,10,0,0,7,9,2,4,0,4,10,2,14,4,0,5,888,0,0,0,0,9,0,4,27,8,0,7,0,0,0,0,9,8,0,5,1,0,0,7,0,0,4,0,0,1
365,0,0,1,0,0,1,0,0,0,1,0,0,0,0,0,0,0,0,0,0,0,0,0,0,0,0,0,0,0,0,0,0,0,0,0,0,0,0,0,0,0,0,0,0,0,0,0,0,0,0,0,0,0,0,0,0,0,0,0,0,0,0,0,0,0,0,0,0,0,0,0,1,0,0,0,0,0,0,0,0,0,0,0,0,0,0,0,0,0,0,0,0,0,0,0,0,0,0,0,0
LinkedIn,0,0,0,0,0,0,0,0,0,0,0,0,0,0,0,0,0,0,0,0,0,0,0,0,0,0,0,0,0,0,0,0,0,0,0,0,0,0,0,0,0,0,0,0,0,0,0,0,0,0,0,0,0,0,0,0,0,0,0,0,0,0,0,0,0,0,0,0,0,0,0,0,2,0,0,0,0,0,0,0,0,0,0,0,0,0,1,0,0,0,0,0,0,0,0,0,0,0,0,0
PC,0,0,0,0,0,0,0,0,0,0,0,0,0,0,0,0,0,0,0,0,0,0,0,0,0,0,0,0,0,0,0,0,0,0,0,0,0,0,0,0,0,0,0,0,0,0,0,0,0,0,0,0,0,0,0,0,0,0,0,0,0,0,0,0,0,0,0,0,0,0,0,0,0,1,0,0,0,0,0,0,0,0,0,0,0,0,0,0,0,0,0,0,0,0,0,0,0,0,0,0
Skype,0,0,0,0,0,0,0,0,0,0,0,0,0,0,0,0,0,0,0,0,0,0,0,0,0,0,0,0,0,0,0,0,0,0,0,0,0,0,0,0,0,0,0,0,0,0,0,0,0,0,0,0,0,0,0,0,0,0,0,0,0,0,0,0,0,0,0,0,0,0,0,0,0,0,0,0,0,0,0,0,0,0,0,0,0,0,0,0,0,0,0,0,0,0,0,0,0,0,0,0
In,0,125,21,6,0,55,0,12,8,23,11,23,3,3,6,0,0,2,0,0,100,2,1,0,0,37,0,8,4,0,1,17,28,1,16,0,3,0,0,0,0,2,0,0,16,17,0,0,0,33,0,0,0,1,3,3,0,1,2,1,8,0,0,1,2,1,0,11,0,1,9,0,0,0,0,454,0,0,1,19,0,20,0,0,0,0,1,1,0,19,0,0,0,1,0,0,1,1,0,0
update,0,3,5,0,0,2,0,2,1,11,12,0,0,0,1,0,0,0,1,0,0,0,1,0,0,0,0,1,0,0,0,0,0,0,0,0,0,0,0,0,0,0,0,0,0,0,0,0,0,0,0,0,0,0,0,1,0,0,0,0,0,0,0,0,0,0,0,0,0,0,0,0,0,0,0,0,19,1,0,0,0,0,0,0,0,0,0,0,0,0,0,0,0,0,0,0,0,0,0,0
into,0,73,55,10,0,67,0,14,18,15,9,12,0,6,12,0,0,5,3,0,6,0,4,0,0,0,0,5,8,0,0,14,5,8,0,1,10,0,0,0,0,2,2,1,2,0,0,0,4,2,0,0,0,0,7,2,0,0,0,3,4,0,0,5,4,0,6,1,0,1,4,0,0,0,0,0,1,296,3,0,0,0,0,2,0,1,2,9,0,4,4,0,0,7,0,0,1,0,0,0
but,0,168,100,66,0,77,0,7,91,64,44,55,1,19,79,0,0,4,6,2,24,0,15,0,0,0,0,6,15,0,0,13,6,5,2,1,14,0,0,0,5,21,1,0,1,1,2,0,12,4,0,0,0,15,22,25,0,6,0,30,1,1,0,9,10,1,26,4,0,1,27,0,0,0,0,1,0,3,686,0,0,0,0,0,0,0,17,46,0,2,2,0,0,4,0,0,2,2,0,0
On,0,64,6,0,0,14,0,4,4,6,1,4,0,0,2,0,0,0,0,0,86,2,0,0,0,18,0,5,2,0,1,1,15,0,8,1,0,0,0,0,0,0,0,0,7,8,0,0,0,16,3,0,0,0,0,1,0,0,1,0,0,0,0,0,1,1,1,2,0,1,8,0,0,0,0,19,0,0,0,206,0,11,0,0,0,0,0,2,0,7,4,0,0,0,0,1,0,1,0,0
Cortana,0,0,0,0,0,0,0,0,0,0,0,0,0,0,0,0,0,0,0,0,0,0,0,0,0,0,0,0,0,0,0,0,0,0,0,0,0,0,0,0,0,0,0,0,0,0,0,0,0,0,0,0,0,0,0,0,0,0,0,0,0,0,0,0,0,0,0,0,0,0,0,0,0,0,0,0,0,0,0,0,0,0,0,0,0,0,0,0,0,0,0,0,0,0,0,0,0,0,0,0
And,0,82,1,0,0,5,0,0,1,1,1,0,0,0,0,0,0,0,0,0,124,1,0,0,0,16,0,3,0,0,0,5,13,0,4,0,1,0,0,0,0,0,1,0,10,19,0,0,1,19,0,0,0,0,1,0,0,0,1,0,10,0,0,0,1,0,0,0,0,0,7,0,0,0,0,20,0,0,0,11,0,161,0,0,0,0,0,0,0,5,2,0,0,0,0,0,1,0,0,0
users,0,1,1,0,0,0,0,0,0,0,0,0,0,0,0,0,0,0,0,0,0,0,0,0,0,0,0,0,0,0,0,0,0,0,0,0,0,0,0,0,0,0,0,0,0,0,0,0,0,0,0,0,0,0,0,1,0,0,0,0,0,0,1,0,0,0,0,0,0,0,0,0,0,0,0,0,0,0,0,0,0,0,1,0,0,0,0,0,0,0,0,0,0,0,0,0,0,0,0,0
launches,0,8,11,3,0,1,0,0,1,3,3,0,0,5,0,0,0,6,1,0,2,1,0,0,0,0,0,1,7,0,0,0,0,0,0,0,0,0,0,0,0,0,0,0,0,0,0,0,0,0,0,0,0,0,0,0,0,0,0,0,0,0,0,0,0,0,0,0,0,0,0,0,0,0,0,0,0,2,0,0,0,0,0,48,0,0,0,0,0,0,0,1,0,0,0,0,0,0,0,1
iOS,0,0,0,0,0,0,0,0,0,0,0,0,0,0,0,0,0,0,0,0,0,0,0,0,0,0,0,0,0,0,0,0,0,0,0,0,0,0,0,0,0,0,0,0,0,0,0,0,0,0,0,0,0,0,0,0,0,0,0,0,0,0,0,0,0,0,0,0,0,0,0,0,0,0,0,0,0,0,0,0,0,0,0,0,0,0,0,0,0,0,0,0,0,0,0,0,0,0,0,0
free,0,23,20,7,0,7,0,9,5,5,7,6,0,5,2,0,0,1,0,0,3,0,0,0,0,0,0,0,1,0,0,0,0,1,0,0,2,0,0,0,0,0,0,0,2,0,0,0,0,0,0,0,0,0,1,0,0,0,0,1,0,0,0,0,0,0,1,0,0,0,0,0,0,0,0,0,0,1,0,0,0,0,0,0,0,46,2,3,0,0,0,0,0,0,0,0,0,0,0,0
can,0,93,31,18,0,89,0,15,50,18,11,35,1,13,11,0,0,4,7,0,9,0,7,0,0,0,0,2,3,0,0,9,2,12,2,0,2,0,0,0,0,7,4,4,47,0,2,0,11,2,0,0,0,0,35,3,0,2,0,10,11,2,0,13,0,0,2,5,0,0,9,0,1,0,0,1,0,2,17,0,0,0,0,0,0,2,348,53,0,0,0,0,0,4,0,0,3,0,0,0
says,0,318,360,125,0,125,0,53,235,117,106,71,2,26,125,0,0,42,8,1,23,0,28,0,0,0,0,6,43,0,1,39,1,22,0,1,95,0,1,0,0,20,0,0,1,0,4,0,21,2,0,0,0,8,60,14,0,3,1,19,1,4,0,5,45,4,21,15,0,6,8,0,0,0,0,1,0,9,46,2,0,0,0,0,0,3,53,1371,0,1,0,0,0,15,0,0,3,0,0,0
950,0,0,0,0,0,0,0,0,0,0,0,0,0,0,0,0,0,0,0,0,0,0,0,0,0,0,0,0,0,0,0,0,0,0,0,0,0,0,0,0,0,0,0,0,0,0,0,0,0,0,0,0,0,0,0,0,0,0,0,0,0,0,0,0,0,0,0,0,0,0,0,0,0,0,0,0,0,0,0,0,0,0,0,0,0,0,0,0,0,0,0,0,0,0,0,0,0,0,0,0
Will,0,117,37,15,0,122,0,10,50,27,9,24,2,2,2,0,0,3,3,0,60,3,3,0,0,18,0,11,1,0,0,24,7,0,5,0,0,0,0,0,0,1,0,0,36,8,0,0,2,14,0,0,0,0,7,0,0,0,0,3,16,0,0,3,0,1,1,3,0,1,5,0,0,0,0,19,0,4,2,7,0,5,0,0,0,0,0,1,0,389,0,0,0,0,0,0,1,0,0,0
Data,0,20,13,12,0,30,0,7,19,9,11,6,0,4,2,0,0,0,0,1,3,0,3,0,0,5,0,7,15,0,0,0,4,1,1,0,0,0,0,0,0,0,0,0,6,4,0,0,1,3,0,0,0,0,1,0,0,0,0,0,0,2,0,2,2,0,0,1,0,0,1,0,0,0,0,0,0,4,2,4,0,2,0,0,0,0,0,0,0,0,123,0,0,0,0,0,0,0,0,0
upgrade,0,2,3,3,0,0,0,0,0,0,0,1,0,1,0,0,0,0,1,0,0,0,0,0,0,0,0,0,0,0,0,0,0,0,0,0,0,0,0,0,0,0,0,0,0,0,0,0,0,0,0,0,0,0,0,0,0,0,0,0,0,0,0,0,0,0,0,1,0,0,0,0,0,0,0,0,0,0,0,0,0,0,0,1,0,0,0,0,0,0,0,9,0,0,0,0,0,0,0,0
Nadella,0,0,0,0,0,0,0,0,0,0,0,0,0,0,0,0,0,0,0,0,0,0,0,0,0,0,0,0,0,0,0,0,0,0,0,0,0,0,0,0,0,0,0,0,0,0,0,0,0,0,0,0,0,0,0,0,0,0,0,0,0,0,0,0,0,0,0,0,0,0,0,0,0,0,0,0,0,0,0,0,0,0,0,0,0,0,0,0,0,0,0,0,0,0,0,0,0,0,0,0
over,0,113,88,29,0,60,0,22,49,41,35,13,4,4,16,0,0,7,4,0,7,0,20,0,0,1,0,3,48,0,0,8,2,2,0,0,10,0,0,0,7,9,0,0,2,0,1,0,7,5,0,0,0,6,21,3,0,0,2,2,3,2,0,1,5,1,5,1,0,0,7,0,0,0,0,1,0,7,4,0,0,0,0,0,0,0,4,15,0,0,0,0,0,476,0,0,0,0,0,0
Satya,0,0,0,0,0,0,0,0,0,0,0,0,0,0,0,0,0,0,0,0,0,0,0,0,0,0,0,0,0,0,0,0,0,0,0,0,0,0,0,0,0,0,0,0,0,0,0,0,0,0,0,0,0,0,0,0,0,0,0,0,0,0,0,0,0,0,0,0,0,0,0,0,0,0,0,0,0,0,0,0,0,0,0,0,0,0,0,0,0,0,0,0,0,0,0,0,0,0,0,0
App,0,0,2,1,0,2,0,0,1,1,0,1,0,1,0,0,0,0,0,0,4,0,0,0,0,1,0,2,0,0,0,1,0,0,0,0,0,0,0,0,0,0,0,0,0,1,0,0,1,2,0,0,0,0,0,0,0,0,0,0,0,0,1,0,0,0,0,0,0,0,0,0,0,0,0,0,0,0,0,1,0,0,0,0,0,0,0,0,0,0,0,0,0,0,0,10,0,0,0,0
just,0,42,26,5,0,57,0,7,41,14,8,35,1,2,31,0,0,1,10,0,14,0,10,0,0,0,0,0,20,0,0,2,2,4,0,1,1,0,0,0,2,2,1,0,0,2,0,0,2,1,0,0,0,3,7,4,0,0,2,5,5,0,0,5,2,1,7,5,0,0,4,0,0,0,0,1,0,1,2,0,0,1,0,0,0,0,3,3,0,1,0,0,0,0,0,0,144,0,0,0
Update,0,3,2,0,0,1,0,0,1,1,1,0,0,0,0,0,0,0,0,0,2,0,0,0,0,0,0,0,2,0,0,0,0,0,0,0,0,0,0,0,0,0,0,0,0,0,0,0,0,1,0,0,0,0,0,0,0,0,0,0,0,0,0,0,0,0,0,0,0,0,0,0,0,0,0,1,0,0,2,1,0,0,0,0,0,0,0,0,0,0,0,0,0,0,0,0,0,15,0,0
"Google,",0,1,1,0,0,0,0,0,1,0,0,0,0,0,0,0,0,1,0,0,0,0,0,0,0,0,0,0,0,0,0,0,0,1,0,0,0,0,0,0,0,0,0,0,0,0,0,0,0,0,0,0,0,0,0,0,0,0,0,0,0,0,0,0,0,0,0,0,0,0,0,0,0,0,0,0,0,0,0,0,0,0,0,0,0,0,0,0,0,0,0,0,0,0,0,0,0,0,3,0
apps,0,0,1,1,0,1,0,1,0,1,1,0,0,0,0,0,0,0,0,0,1,0,0,0,0,0,0,0,0,0,0,0,0,1,0,0,0,0,0,0,0,0,0,0,0,0,0,0,0,0,0,0,0,0,1,0,0,0,0,0,0,0,0,0,0,1,0,0,0,0,1,0,0,0,0,0,0,0,0,0,0,0,0,1,0,0,0,0,0,0,0,0,0,0,0,0,0,0,0,4
