"",the,Obama,to,President,a,of,in,Barack,and,on,that,his,,for,is,with,at,he,The,has,Obama's,as,will,said,by,U.S.,an,White,from,was,House,be,administration,US,about,have,WASHINGTON,"""""""",this,it,who,are,not,after,first,more,visit,president,In,would,new,State,their,but,during,Tuesday,"Obama,",—,Republican,last,Friday,presidential,Donald,over,Wednesday,up,been,when,(AP),one,Supreme,United,against,its,out,Thursday,says,gun,than,people,Trump,-,Monday,Court,into,which,had,Hillary,final,American,Washington,Clinton,A,Islamic,what,made,Michelle,federal,two,Congress
the,149780,530,40884,1616,33195,51241,43285,330,31240,17334,14423,1820,549,14532,19658,7174,8824,1665,17732,9813,102,11173,7236,8304,10207,4720,5097,162,8059,5075,176,6239,178,2230,4085,4933,600,2128,4400,5640,1160,6414,3324,2416,4243,4380,84,413,2580,3059,3137,537,1633,4274,1104,839,35,1082,355,3191,756,555,298,3074,881,2483,2835,1322,745,1862,76,1022,824,6964,1607,725,1761,6,4570,1089,368,3176,592,17,2209,3006,1649,195,791,677,188,252,2325,105,1249,673,11,424,1593,272
Obama,530,333,228,227,153,201,161,159,148,137,70,116,2,76,120,43,57,43,44,50,1,32,40,37,18,57,29,15,20,24,11,20,10,20,37,14,30,20,20,25,6,24,6,10,10,5,5,6,20,4,14,42,8,19,19,23,1,16,22,10,26,16,4,6,14,15,18,16,21,11,1,10,3,8,12,1,12,1,13,7,5,16,8,1,14,4,2,5,24,11,9,6,1,0,9,9,0,2,6,9
to,40884,228,36860,758,15701,15400,14705,157,12586,6421,5272,1007,228,5037,8224,2793,2758,841,7032,3789,36,4360,2892,3149,3906,1534,2482,42,3306,1702,42,3174,55,622,1349,2265,220,801,2028,2587,515,2737,1302,921,1050,2057,87,138,785,1261,1532,182,923,1744,301,321,13,464,131,997,275,191,143,1021,360,1291,959,567,305,631,29,309,317,3327,722,300,579,2,1639,574,160,1466,309,3,833,1194,611,106,179,201,57,131,872,46,672,238,2,135,507,100
President,1616,227,758,1104,523,782,503,166,527,407,264,223,10,202,279,179,139,98,193,239,40,157,129,220,124,124,97,12,69,83,14,94,15,32,86,46,35,50,57,70,27,80,49,53,30,56,7,15,41,50,42,63,25,49,36,35,10,28,16,34,41,21,7,41,36,41,37,28,35,33,7,19,11,77,27,39,47,1,50,16,5,96,27,0,57,30,26,8,27,18,7,15,19,4,31,19,2,3,22,9
a,33195,153,15701,523,31370,15918,15839,106,10877,6255,5151,649,155,5462,6927,2927,3570,675,6409,3415,25,4410,2252,2871,3690,1687,1828,49,3030,1858,44,2211,32,641,1189,1928,262,788,1542,1991,440,2040,1123,1102,1167,1745,51,109,875,1195,1592,109,580,1655,339,351,5,427,89,1132,277,188,127,1070,325,850,1027,497,311,581,16,245,326,2567,560,272,510,2,1817,418,153,1264,278,6,867,1069,705,83,239,211,68,112,831,27,402,240,3,131,457,59
of,51241,201,15400,782,15918,39481,15953,143,13150,6559,5279,840,204,5133,7935,3008,3672,677,8332,3924,52,4369,2597,3067,3728,1670,2587,39,3007,1935,74,2314,54,774,1511,1974,245,873,1945,2145,508,2694,1275,933,1650,1595,52,207,982,1018,1344,296,871,1612,425,365,11,417,135,1323,283,199,126,1104,351,976,1130,494,285,1199,23,344,274,3096,868,284,647,4,1650,555,159,1425,209,7,793,1214,599,77,451,282,67,93,1040,49,463,312,11,125,674,109
in,43285,161,14705,503,15839,15953,35723,110,11986,5895,4758,688,146,4687,6709,2843,3534,511,7779,3405,28,4649,2441,3346,4663,1859,2349,52,3217,2143,55,2108,45,744,1208,1798,258,755,1710,1954,412,2247,1076,1124,2121,1844,40,92,656,852,1082,157,693,1709,359,354,9,436,86,1399,297,144,69,999,332,1003,994,422,338,638,13,396,250,3301,610,259,610,3,2262,405,72,1354,236,5,609,1304,599,77,412,233,76,110,865,31,398,236,6,146,703,78
Barack,330,159,157,166,106,143,110,189,111,94,31,68,0,46,51,32,45,23,17,27,27,20,29,20,9,43,18,9,8,17,6,10,2,22,23,4,31,13,12,20,3,20,8,8,5,4,5,2,10,5,10,30,6,12,11,16,10,16,15,6,18,14,4,3,11,4,6,9,18,5,0,9,3,2,4,0,8,1,15,3,1,14,6,0,6,1,3,5,17,6,6,6,1,2,2,5,0,1,8,6
and,31240,148,12586,527,10877,13150,11986,111,25172,5089,3840,585,181,4479,5952,2312,2358,493,5451,2773,28,3518,2285,2187,2898,1367,1669,28,2272,1211,34,1795,34,593,1271,1704,217,686,1359,1611,343,2517,823,596,805,1521,33,129,599,759,1111,130,773,1035,247,222,12,306,99,797,192,165,133,841,210,800,834,365,222,467,23,339,229,2350,494,181,491,2,1130,446,166,1107,172,5,625,703,397,79,167,240,78,96,690,34,380,201,6,97,491,69
on,17334,137,6421,407,6255,6559,5895,94,5089,11271,2156,547,114,2196,2749,1177,1216,413,2835,1262,17,1671,1240,2025,1553,712,1036,27,1120,780,26,989,31,248,581,802,105,290,658,906,220,972,493,478,488,704,22,69,330,526,439,84,351,706,136,338,4,121,59,427,284,132,72,418,356,435,314,152,100,229,30,156,177,1483,256,256,178,1,592,114,80,801,277,3,275,448,317,44,104,84,33,62,345,14,225,112,3,61,218,70
that,14423,70,5272,264,5151,5279,4758,31,3840,2156,9496,390,73,1765,3487,829,972,380,2284,1611,18,1179,1263,1363,1127,673,875,25,1036,837,16,1058,29,292,435,851,113,320,690,999,175,1196,630,300,346,629,8,36,333,631,453,55,245,600,120,175,6,193,37,411,175,75,68,324,179,286,442,206,125,273,3,118,71,936,318,152,201,0,530,207,91,389,175,3,274,287,320,35,38,113,27,55,378,11,167,115,1,44,171,41
his,1820,116,1007,223,649,840,688,68,585,547,390,1413,13,310,338,160,184,274,157,261,5,228,123,229,113,66,129,8,143,135,8,117,15,24,102,79,15,45,83,74,48,73,65,76,72,62,8,27,91,102,50,87,19,67,37,53,4,39,27,48,35,44,41,51,74,51,45,50,30,40,0,19,27,43,62,37,66,1,61,18,54,102,26,0,46,41,50,18,31,14,8,25,22,1,46,38,0,9,25,6
"",549,2,228,10,155,204,146,0,181,114,73,13,348,86,63,39,39,14,17,25,1,42,33,40,41,24,36,2,32,17,1,29,2,2,23,20,0,13,20,26,3,25,10,14,6,25,2,1,1,32,11,0,9,16,2,3,0,0,1,9,7,4,1,10,2,10,9,2,0,12,2,2,8,27,7,9,1,0,18,8,2,19,4,1,8,16,3,1,1,4,0,4,5,0,5,4,0,1,2,1
for,14532,76,5037,202,5462,5133,4687,46,4479,2196,1765,310,86,9395,2586,973,973,242,2482,1319,6,1544,879,1034,1166,570,845,13,932,567,11,991,10,243,421,645,52,283,656,782,180,974,404,281,465,676,10,69,273,380,471,40,304,661,107,139,2,109,43,356,107,49,25,316,142,359,481,158,89,237,17,112,99,1197,216,101,188,0,480,170,41,448,109,2,241,407,198,22,71,87,29,25,367,14,199,101,2,56,193,28
is,19658,120,8224,279,6927,7935,6709,51,5952,2749,3487,338,63,2586,14551,1250,1369,336,4031,1275,22,1772,948,1402,1596,804,1142,18,1200,432,14,1101,21,324,655,746,114,486,1033,1545,282,1214,1035,357,400,757,18,88,384,270,681,96,281,1054,103,87,3,154,56,353,62,78,58,354,112,474,405,324,125,493,3,144,108,1398,276,66,447,0,747,287,83,525,55,1,381,697,132,31,66,138,19,37,403,8,416,103,1,74,228,49
with,7174,43,2793,179,2927,3008,2843,32,2312,1177,829,160,39,973,1250,4471,432,117,1307,669,8,679,476,475,607,270,496,9,541,323,8,390,10,130,223,332,25,115,304,337,72,437,213,144,248,317,12,23,177,152,258,23,141,278,63,61,4,70,15,219,39,29,20,225,43,238,200,68,49,119,4,66,46,589,114,52,100,0,247,89,21,278,44,1,133,174,109,25,15,52,13,29,126,9,84,51,0,25,113,13
at,8824,57,2758,139,3570,3672,3534,45,2358,1216,972,184,39,973,1369,432,5093,152,1502,575,8,795,495,689,628,442,585,16,508,380,16,440,11,220,280,339,84,167,463,423,94,427,265,160,419,344,7,30,162,182,187,47,158,341,134,93,3,110,22,325,69,41,24,207,72,157,197,125,89,116,6,42,44,710,103,62,141,0,557,71,19,320,25,1,132,218,144,12,71,43,22,16,150,6,115,49,3,14,152,11
he,1665,43,841,98,675,677,511,23,493,413,380,274,14,242,336,117,152,1190,138,225,4,246,193,415,128,58,129,5,115,196,6,182,5,13,90,83,9,40,92,78,48,82,110,66,36,67,5,30,36,156,35,19,10,86,22,28,3,16,11,48,32,21,15,54,36,49,73,48,17,27,2,15,16,86,46,51,77,0,74,19,21,76,21,1,51,58,53,4,10,6,6,7,18,1,72,30,0,10,22,6
The,17732,44,7032,193,6409,8332,7779,17,5451,2835,2284,157,17,2482,4031,1307,1502,138,11512,1952,10,1903,1244,1355,2082,1102,985,24,1442,907,23,963,26,543,474,766,196,413,842,1026,189,910,538,409,754,911,21,74,206,386,657,71,293,836,146,157,4,229,25,656,174,65,23,488,150,481,502,191,131,271,14,212,142,1522,273,112,343,2,1040,201,34,604,85,5,364,584,253,27,163,130,34,34,169,18,168,128,2,79,256,43
has,9813,50,3789,239,3415,3924,3405,27,2773,1262,1611,261,25,1319,1275,669,575,225,1952,6319,8,958,377,644,894,297,573,10,564,238,11,432,23,144,294,399,31,213,419,661,135,422,344,168,203,464,15,41,223,158,288,61,95,444,68,47,5,58,13,278,27,39,30,361,38,231,1237,98,41,202,12,101,66,889,136,43,126,0,406,74,30,282,43,1,227,433,128,13,23,49,20,18,247,14,138,126,0,32,163,32
Obama's,102,1,36,40,25,52,28,27,28,17,18,5,1,6,22,8,8,4,10,8,62,1,2,4,6,9,4,0,4,8,0,4,2,3,6,4,5,2,3,4,0,10,8,1,2,4,1,3,4,2,4,6,0,3,0,0,1,2,0,4,1,4,0,7,0,2,4,1,0,5,0,5,1,2,2,0,1,0,4,0,2,3,1,0,0,1,2,3,2,6,0,4,2,3,0,1,0,0,2,0
as,11173,32,4360,157,4410,4369,4649,20,3518,1671,1179,228,42,1544,1772,679,795,246,1903,958,1,7628,644,776,1060,514,673,11,732,537,11,622,13,176,383,512,76,197,478,784,105,686,388,256,419,513,14,50,193,261,364,31,255,403,93,124,2,141,27,399,80,39,37,273,111,241,299,94,107,182,17,90,102,1029,183,95,103,0,496,130,53,371,92,1,215,229,148,37,121,53,15,48,205,14,100,63,0,43,188,17
will,7236,40,2892,129,2252,2597,2441,29,2285,1240,1263,123,33,879,948,476,495,193,1244,377,2,644,4631,673,627,274,328,8,527,101,8,1156,11,91,177,400,25,132,579,584,55,309,298,119,190,295,9,44,130,107,303,26,124,319,45,66,0,62,6,85,46,36,22,215,64,175,89,88,36,110,0,54,37,503,110,43,168,0,242,84,28,252,47,0,150,240,49,19,14,54,10,24,141,6,81,28,0,35,113,16
said,8304,37,3149,220,2871,3067,3346,20,2187,2025,1363,229,40,1034,1402,475,689,415,1355,644,4,776,673,4234,857,269,488,12,567,599,8,563,20,118,212,303,53,78,427,577,118,345,325,246,241,304,5,67,162,474,158,52,66,381,83,144,2,57,22,266,134,42,22,204,169,180,131,83,42,83,15,71,57,776,79,131,43,0,333,56,30,330,100,1,142,186,211,12,30,39,12,21,114,3,51,46,1,35,87,34
by,10207,18,3906,124,3690,3728,4663,9,2898,1553,1127,113,41,1166,1596,607,628,128,2082,894,6,1060,627,857,6400,335,579,4,819,606,8,590,16,137,241,328,73,146,531,492,107,438,241,261,363,435,2,25,163,297,348,38,165,320,86,85,1,92,12,408,73,22,19,260,93,292,373,79,63,145,9,74,88,764,138,104,135,0,600,80,23,399,93,1,159,422,144,4,87,59,10,4,240,11,60,76,4,52,142,19
U.S.,4720,57,1534,124,1687,1670,1859,43,1367,712,673,66,24,570,804,270,442,58,1102,297,9,514,274,269,335,2739,175,10,317,153,9,177,7,17,219,164,183,84,203,224,31,254,143,124,199,238,5,18,88,84,91,17,78,227,26,51,4,104,17,158,66,51,35,141,51,102,103,65,82,73,1,31,18,239,66,37,58,0,248,29,41,139,34,1,83,73,54,22,61,48,10,26,94,3,36,27,2,12,61,20
an,5097,29,2482,97,1828,2587,2349,18,1669,1036,875,129,36,845,1142,496,585,129,985,573,4,673,328,488,579,175,3445,7,463,271,6,356,4,99,164,304,40,119,225,319,62,356,220,154,145,211,6,23,185,170,198,18,94,250,57,50,2,57,14,169,41,25,18,142,56,176,152,78,30,100,7,41,45,387,100,46,77,0,212,59,19,224,32,1,129,171,75,15,46,29,10,20,100,9,80,40,0,23,72,16
White,162,15,42,12,49,39,52,9,28,27,25,8,2,13,18,9,16,5,24,10,0,11,8,12,4,10,7,80,7,3,40,6,1,4,7,7,2,7,4,1,2,4,5,7,2,1,0,6,6,5,1,0,6,2,3,2,2,1,4,0,3,2,3,2,0,0,1,3,0,2,0,0,0,5,0,3,2,0,7,1,3,7,1,0,1,2,1,9,0,0,0,15,0,0,1,1,1,0,1,1
from,8059,20,3306,69,3030,3007,3217,8,2272,1120,1036,143,32,932,1200,541,508,115,1442,564,4,732,527,567,819,317,463,7,4484,406,7,359,13,202,217,291,43,133,328,363,78,431,216,199,323,304,4,17,114,196,262,27,107,289,59,63,4,82,23,253,49,28,20,186,61,236,143,92,60,108,9,62,48,659,115,75,132,0,312,89,20,313,49,2,125,232,136,11,50,40,10,16,202,7,69,37,1,31,98,8
was,5075,24,1702,83,1858,1935,2143,17,1211,780,837,135,17,567,432,323,380,196,907,238,8,537,101,599,606,153,271,3,406,2758,3,191,3,91,172,135,23,78,161,412,55,83,192,140,212,159,4,22,98,147,105,23,39,241,45,57,2,57,19,218,56,26,9,128,58,118,84,139,41,119,0,40,46,290,90,49,46,0,269,33,15,151,49,0,90,200,103,17,52,30,4,23,73,7,72,35,1,21,49,6
House,176,11,42,14,44,74,55,6,34,26,16,8,1,11,14,8,16,6,23,11,0,11,8,8,8,9,6,40,7,3,87,7,0,3,12,6,2,5,4,0,1,6,3,5,1,0,0,3,7,7,6,4,6,1,3,4,1,0,4,0,2,4,3,1,0,2,5,2,0,1,0,1,0,5,0,3,4,0,2,0,3,4,0,0,1,4,0,4,0,1,2,4,4,0,0,1,0,1,1,0
be,6239,20,3174,94,2211,2314,2108,10,1795,989,1058,117,29,991,1101,390,440,182,963,432,4,622,1156,563,590,177,356,6,359,191,7,3631,8,113,185,226,26,145,350,512,73,330,337,134,124,281,4,34,122,601,164,23,112,404,35,24,3,44,5,107,32,27,22,148,62,132,97,101,19,135,1,36,46,352,128,30,124,0,244,98,27,197,28,0,135,217,58,9,17,45,3,15,136,5,138,40,0,11,68,17
administration,178,10,55,15,32,54,45,2,34,31,29,15,2,10,21,10,11,5,26,23,2,13,11,20,16,7,4,1,13,3,0,8,83,0,2,8,3,4,9,7,2,6,2,1,3,4,0,0,0,9,5,4,2,5,1,0,0,0,1,1,1,6,1,4,1,5,6,2,1,6,0,2,1,10,1,1,2,0,7,2,2,3,3,0,2,1,3,0,0,5,1,1,4,0,2,4,0,1,4,0
US,2230,20,622,32,641,774,744,22,593,248,292,24,2,243,324,130,220,13,543,144,3,176,91,118,137,17,99,4,202,91,3,113,0,1198,74,75,12,35,72,86,7,77,57,65,95,99,0,4,58,30,50,10,33,108,15,12,3,24,13,63,31,21,13,56,24,75,49,19,6,21,0,9,15,82,30,17,24,1,119,15,14,32,3,0,41,38,32,7,22,18,8,7,29,0,9,4,0,5,38,5
about,4085,37,1349,86,1189,1511,1208,23,1271,581,435,102,23,421,655,223,280,90,474,294,6,383,177,212,241,219,164,7,217,172,12,185,2,74,2406,197,40,89,182,206,53,402,138,105,69,227,2,17,97,57,119,16,175,144,27,47,1,78,39,89,42,32,28,70,27,60,116,51,71,57,3,21,14,250,39,58,52,0,144,70,26,106,34,3,76,109,52,16,10,44,17,18,99,0,109,26,0,7,54,8
have,4933,14,2265,46,1928,1974,1798,4,1704,802,851,79,20,645,746,332,339,83,766,399,4,512,400,303,328,164,304,7,291,135,6,226,8,75,197,3223,11,125,218,292,97,309,258,89,115,234,3,22,117,200,130,17,182,289,29,21,0,30,14,118,18,22,17,151,8,122,532,69,29,90,7,36,56,243,70,14,64,0,167,75,15,137,12,1,104,157,83,11,22,34,4,15,103,3,89,57,1,16,94,4
WASHINGTON,600,30,220,35,262,245,258,31,217,105,113,15,0,52,114,25,84,9,196,31,5,76,25,53,73,183,40,2,43,23,2,26,3,12,40,11,356,109,48,18,7,43,20,33,22,61,0,3,6,7,16,13,37,20,2,19,0,117,7,21,16,11,6,9,21,10,10,13,122,2,1,21,2,29,7,9,8,0,49,6,5,90,16,1,4,6,7,0,36,24,8,0,16,0,4,3,0,3,11,6
"""""""",2128,20,801,50,788,873,755,13,686,290,320,45,13,283,486,115,167,40,413,213,2,197,132,78,146,84,119,7,133,78,5,145,4,35,89,125,109,1927,97,123,25,168,80,37,50,99,1,10,44,40,96,22,53,89,23,26,0,0,11,54,15,19,7,49,26,58,67,43,153,57,1,24,12,173,36,26,64,0,98,24,10,8,21,1,38,64,13,13,20,16,6,13,79,3,35,12,1,19,27,2
this,4400,20,2028,57,1542,1945,1710,12,1359,658,690,83,20,656,1033,304,463,92,842,419,3,478,579,427,531,203,225,4,328,161,4,350,9,72,182,218,48,97,2679,275,69,299,163,108,174,228,3,22,169,158,139,11,74,263,38,32,0,74,11,147,30,19,10,95,36,98,156,47,47,77,0,30,33,343,89,24,71,0,251,41,20,156,25,0,97,114,85,5,17,34,18,8,98,0,98,44,0,18,53,8
it,5640,25,2587,70,1991,2145,1954,20,1611,906,999,74,26,782,1545,337,423,78,1026,661,4,784,584,577,492,224,319,1,363,412,0,512,7,86,206,292,18,123,275,3539,65,276,306,134,157,283,1,14,125,312,157,18,70,398,42,67,1,55,11,153,28,16,17,115,69,115,173,201,32,133,1,46,31,563,123,33,133,1,321,71,18,137,27,1,131,173,123,12,24,53,6,19,119,5,101,60,0,18,53,10
who,1160,6,515,27,440,508,412,3,343,220,175,48,3,180,282,72,94,48,189,135,0,105,55,118,107,31,62,2,78,55,1,73,2,7,53,97,7,25,69,65,657,180,55,43,15,51,3,9,16,41,35,6,47,57,15,13,2,8,7,23,4,13,4,26,12,26,33,15,4,20,0,6,25,54,23,10,31,0,33,69,8,35,2,0,26,26,29,2,1,7,12,4,25,1,27,15,0,1,17,0
are,6414,24,2737,80,2040,2694,2247,20,2517,972,1196,73,25,974,1214,437,427,82,910,422,10,686,309,345,438,254,356,4,431,83,6,330,6,77,402,309,43,168,299,276,180,4512,277,111,87,410,8,18,113,88,257,20,310,367,29,23,0,62,10,115,16,35,12,193,24,182,147,124,48,93,2,52,32,299,107,25,143,1,273,182,17,150,21,0,141,234,30,7,5,51,8,10,136,5,125,21,0,20,152,6
not,3324,6,1302,49,1123,1275,1076,8,823,493,630,65,10,404,1035,213,265,110,538,344,8,388,298,325,241,143,220,5,216,192,3,337,2,57,138,258,20,80,163,306,55,277,2009,58,73,110,2,8,63,120,72,4,61,405,23,25,1,35,12,60,19,13,15,66,30,69,131,52,13,71,6,21,18,184,59,20,62,0,107,58,20,107,12,1,56,90,71,6,14,15,2,10,63,0,64,21,0,8,16,3
after,2416,10,921,53,1102,933,1124,8,596,478,300,76,14,281,357,144,160,66,409,168,1,256,119,246,261,124,154,7,199,140,5,134,1,65,105,89,33,37,108,134,43,111,58,1284,124,109,1,14,30,63,50,10,91,73,13,50,0,31,4,88,41,7,5,51,41,71,46,23,36,26,1,29,34,256,34,34,37,0,104,14,6,111,42,0,55,49,54,3,10,25,12,3,51,2,18,10,0,4,64,3
first,4243,10,1050,30,1167,1650,2121,5,805,488,346,72,6,465,400,248,419,36,754,203,2,419,190,241,363,199,145,2,323,212,1,124,3,95,69,115,22,50,174,157,15,87,73,124,1789,186,3,3,63,48,69,6,48,190,98,27,1,46,1,109,32,13,2,95,42,74,37,69,35,38,1,7,12,338,42,14,23,0,287,20,4,138,9,0,76,89,81,1,33,22,2,3,38,0,24,21,0,10,80,5
more,4380,5,2057,56,1745,1595,1844,4,1521,704,629,62,25,676,757,317,344,67,911,464,4,513,295,304,435,238,211,1,304,159,0,281,4,99,227,234,61,99,228,283,51,410,110,109,186,2711,1,3,76,90,167,8,101,262,37,45,1,73,5,141,31,10,8,99,30,143,149,46,36,70,0,32,36,380,72,16,85,0,1229,93,8,167,40,0,111,101,58,6,32,42,7,10,100,1,49,45,0,20,101,2
visit,84,5,87,7,51,52,40,5,33,22,8,8,2,10,18,12,7,5,21,15,1,14,9,5,2,5,6,0,4,4,0,4,0,0,2,3,0,1,3,1,3,8,2,1,3,1,60,1,3,2,1,1,6,5,6,0,0,2,1,7,0,1,0,4,1,4,4,1,0,4,0,0,0,2,0,1,0,0,1,0,0,4,0,0,0,2,1,0,0,1,1,2,3,1,3,2,0,0,3,0
president,413,6,138,15,109,207,92,2,129,69,36,27,1,69,88,23,30,30,74,41,3,50,44,67,25,18,23,6,17,22,3,34,0,4,17,22,3,10,22,14,9,18,8,14,3,3,1,246,10,12,21,1,5,11,7,8,1,1,8,11,5,0,7,14,4,11,10,6,4,9,0,8,3,33,6,2,15,0,6,0,5,16,0,0,9,5,2,6,2,5,0,7,1,0,9,5,0,1,2,3
In,2580,20,785,41,875,982,656,10,599,330,333,91,1,273,384,177,162,36,206,223,4,193,130,162,163,88,185,6,114,98,7,122,0,58,97,117,6,44,169,125,16,113,63,30,63,76,3,10,1295,69,93,16,45,45,11,9,0,11,8,66,4,18,12,38,26,45,67,28,9,44,1,12,16,219,40,9,32,1,69,27,23,65,4,0,50,61,47,4,7,23,3,11,24,2,56,18,0,9,43,5
would,3059,4,1261,50,1195,1018,852,5,759,526,631,102,32,380,270,152,182,156,386,158,2,261,107,474,297,84,170,5,196,147,7,601,9,30,57,200,7,40,158,312,41,88,120,63,48,90,2,12,69,1731,61,9,42,105,13,30,1,19,23,39,25,27,38,57,33,47,47,39,14,53,6,23,26,185,57,25,59,1,122,30,54,103,20,2,94,114,50,25,1,18,2,29,117,1,50,14,1,11,19,9
new,3137,14,1532,42,1592,1344,1082,10,1111,439,453,50,11,471,681,258,187,35,657,288,4,364,303,158,348,91,198,1,262,105,6,164,5,50,119,130,16,96,139,157,35,257,72,50,69,167,1,21,93,61,2044,8,60,103,26,27,0,39,2,93,28,16,12,90,29,75,71,47,27,45,3,41,7,203,61,13,69,2,135,55,13,90,15,1,93,97,34,5,4,34,1,7,170,0,41,10,0,16,41,6
State,537,42,182,63,109,296,157,30,130,84,55,87,0,40,96,23,47,19,71,61,6,31,26,52,38,17,18,0,27,23,4,23,4,10,16,17,13,22,11,18,6,20,4,10,6,8,1,1,16,9,8,297,9,13,12,25,1,4,1,8,3,5,0,5,12,6,5,13,10,9,0,11,1,26,5,6,6,1,20,3,0,15,2,0,10,14,6,5,24,4,0,6,8,14,6,4,1,0,2,4
their,1633,8,923,25,580,871,693,6,773,351,245,19,9,304,281,141,158,10,293,95,0,255,124,66,165,78,94,6,107,39,6,112,2,33,175,182,37,53,74,70,47,310,61,91,48,101,6,5,45,42,60,9,1317,80,13,9,0,37,9,32,6,17,5,48,18,62,42,28,26,42,4,20,10,58,47,26,17,0,91,83,7,53,10,0,43,51,30,6,3,59,5,8,40,4,28,16,0,8,41,1
but,4274,19,1744,49,1655,1612,1709,12,1035,706,600,67,16,661,1054,278,341,86,836,444,3,403,319,381,320,227,250,2,289,241,1,404,5,108,144,289,20,89,263,398,57,367,405,73,190,262,5,11,45,105,103,13,80,2303,52,32,1,48,7,123,32,13,8,154,49,126,157,54,32,101,6,21,22,326,60,26,77,0,261,57,12,181,40,1,94,66,77,3,27,23,5,8,80,3,79,24,0,21,46,13
during,1104,19,301,36,339,425,359,11,247,136,120,37,2,107,103,63,134,22,146,68,0,93,45,83,86,26,57,3,59,45,3,35,1,15,27,29,2,23,38,42,15,29,23,13,98,37,6,7,11,13,26,12,13,52,519,19,2,22,11,36,5,13,8,29,5,22,16,13,21,13,0,7,4,76,8,11,16,0,47,4,7,16,5,0,18,32,24,9,10,6,2,8,22,0,8,12,0,0,13,3
Tuesday,839,23,321,35,351,365,354,16,222,338,175,53,3,139,87,61,93,28,157,47,0,124,66,144,85,51,50,2,63,57,4,24,0,12,47,21,19,26,32,67,13,23,25,50,27,45,0,8,9,30,27,25,9,32,19,441,0,21,8,22,0,10,15,26,0,10,10,18,15,5,0,10,12,104,14,0,7,0,40,1,11,58,2,0,10,25,15,12,17,2,2,10,32,2,12,5,0,1,3,1
"Obama,",35,1,13,10,5,11,9,10,12,4,6,4,0,2,3,4,3,3,4,5,1,2,0,2,1,4,2,2,4,2,1,3,0,3,1,0,0,0,0,1,2,0,1,0,1,1,0,1,0,1,0,1,0,1,2,0,18,0,0,0,0,0,0,0,0,0,1,1,0,2,0,1,0,0,0,0,1,0,1,0,0,0,0,0,0,0,1,0,0,1,1,2,0,0,0,0,0,1,0,1
—,1082,16,464,28,427,417,436,16,306,121,193,39,0,109,154,70,110,16,229,58,2,141,62,57,92,104,57,1,82,57,0,44,0,24,78,30,117,0,74,55,8,62,35,31,46,73,2,1,11,19,39,4,37,48,22,21,0,589,7,41,19,14,6,21,20,33,20,15,231,5,1,22,15,92,18,21,30,0,81,7,6,11,24,1,17,29,8,5,23,13,3,5,34,0,8,7,0,9,15,0
Republican,355,22,131,16,89,135,86,15,99,59,37,27,1,43,56,15,22,11,25,13,0,27,6,22,12,17,14,4,23,19,4,5,1,13,39,14,7,11,11,11,7,10,12,4,1,5,1,8,8,23,2,1,9,7,11,8,0,7,178,3,0,79,59,2,11,4,4,6,13,7,1,3,1,4,2,6,6,0,8,1,62,9,0,1,4,3,1,26,0,4,9,23,10,0,0,3,0,2,2,0
last,3191,10,997,34,1132,1323,1399,6,797,427,411,48,9,356,353,219,325,48,656,278,4,399,85,266,408,158,169,0,253,218,0,107,1,63,89,118,21,54,147,153,23,115,60,88,109,141,7,11,66,39,93,8,32,123,36,22,0,41,3,1604,24,9,4,113,18,97,111,36,32,40,2,19,8,260,45,18,47,0,206,17,4,80,11,1,46,79,56,0,69,26,3,0,35,2,27,11,0,18,59,11
Friday,756,26,275,41,277,283,297,18,192,284,175,35,7,107,62,39,69,32,174,27,1,80,46,134,73,66,41,3,49,56,2,32,1,31,42,18,16,15,30,28,4,16,19,41,32,31,0,5,4,25,28,3,6,32,5,0,0,19,0,24,385,1,0,33,0,29,7,7,16,7,0,5,7,68,16,1,2,0,22,7,0,38,1,0,21,16,15,1,4,4,5,1,9,0,7,3,0,3,7,5
presidential,555,16,191,21,188,199,144,14,165,132,75,44,4,49,78,29,41,21,65,39,4,39,36,42,22,51,25,2,28,26,4,27,6,21,32,22,11,19,19,16,13,35,13,7,13,10,1,0,18,27,16,5,17,13,13,10,0,14,79,9,1,327,49,11,15,17,12,12,23,16,1,7,2,7,8,9,7,0,20,1,53,23,7,1,9,7,4,37,0,12,2,35,12,4,5,1,0,1,21,0
Donald,298,4,143,7,127,126,69,4,133,72,68,41,1,25,58,20,24,15,23,30,0,37,22,22,19,35,18,3,20,9,3,22,1,13,28,17,6,7,10,17,4,12,15,5,2,8,0,7,12,38,12,0,5,8,8,15,0,6,59,4,0,49,210,3,1,10,4,4,4,14,0,3,7,5,9,5,10,0,6,5,169,10,5,0,8,2,3,52,0,20,3,47,19,1,2,2,0,0,9,0
over,3074,6,1021,41,1070,1104,999,3,841,418,324,51,10,316,354,225,207,54,488,361,7,273,215,204,260,141,142,2,186,128,1,148,4,56,70,151,9,49,95,115,26,193,66,51,95,99,4,14,38,57,90,5,48,154,29,26,0,21,2,113,33,11,3,1476,26,59,129,36,24,36,6,18,24,204,27,26,35,0,117,22,5,105,6,0,64,81,66,11,6,15,5,16,65,3,26,12,0,6,80,10
Wednesday,881,14,360,36,325,351,332,11,210,356,179,74,2,142,112,43,72,36,150,38,0,111,64,169,93,51,56,0,61,58,0,62,1,24,27,8,21,26,36,69,12,24,30,41,42,30,1,4,26,33,29,12,18,49,5,0,0,20,11,18,0,15,1,26,439,11,5,9,21,11,0,14,13,89,20,1,8,0,33,7,1,66,0,1,15,24,21,3,10,6,0,3,18,0,9,18,0,3,6,3
up,2483,15,1291,41,850,976,1003,4,800,435,286,51,10,359,474,238,157,49,481,231,2,241,175,180,292,102,176,0,236,118,2,132,5,75,60,122,10,58,98,115,26,182,69,71,74,143,4,11,45,47,75,6,62,126,22,10,0,33,4,97,29,17,10,59,11,1383,75,22,17,44,1,18,29,202,31,25,20,0,95,26,7,93,17,0,51,86,25,1,13,8,3,2,39,2,14,26,0,23,28,7
been,2835,18,959,37,1027,1130,994,6,834,314,442,45,9,481,405,200,197,73,502,1237,4,299,89,131,373,103,152,1,143,84,5,97,6,49,116,532,10,67,156,173,33,147,131,46,37,149,4,10,67,47,71,5,42,157,16,10,1,20,4,111,7,12,4,129,5,75,1683,26,15,67,0,20,18,208,41,11,40,0,129,27,4,53,13,0,69,143,102,3,1,15,9,2,65,3,59,18,0,9,55,3
when,1322,16,567,28,497,494,422,9,365,152,206,50,2,158,324,68,125,48,191,98,1,94,88,83,79,65,78,3,92,139,2,101,2,19,51,69,13,43,47,201,15,124,52,23,69,46,1,6,28,39,47,13,28,54,13,18,1,15,6,36,7,12,4,36,9,22,26,757,10,29,0,9,5,95,36,1,40,0,60,34,4,33,16,0,41,29,31,6,19,6,3,14,30,2,22,8,0,6,12,3
(AP),745,21,305,35,311,285,338,18,222,100,125,30,0,89,125,49,89,17,131,41,0,107,36,42,63,82,30,0,60,41,0,19,1,6,71,29,122,153,47,32,4,48,13,36,35,36,0,4,9,14,27,10,26,32,21,15,0,231,13,32,16,23,4,24,21,17,15,10,456,4,1,13,9,74,7,20,38,0,45,3,4,47,16,1,5,21,1,8,17,10,5,8,39,0,3,1,0,2,7,2
one,1862,11,631,33,581,1199,638,5,467,229,273,40,12,237,493,119,116,27,271,202,5,182,110,83,145,73,100,2,108,119,1,135,6,21,57,90,2,57,77,133,20,93,71,26,38,70,4,9,44,53,45,9,42,101,13,5,2,5,7,40,7,16,14,36,11,44,67,29,4,1047,0,9,8,127,29,8,26,0,59,23,21,57,10,0,44,55,26,12,3,11,2,14,39,1,13,12,0,9,27,4
Supreme,76,1,29,7,16,23,13,0,23,30,3,0,2,17,3,4,6,2,14,12,0,17,0,15,9,1,7,0,9,0,0,1,0,0,3,7,1,1,0,1,0,2,6,1,1,0,0,0,1,6,3,0,4,6,0,0,0,1,1,2,0,1,0,6,0,1,0,0,1,0,37,1,1,1,6,6,0,0,0,0,0,10,0,8,9,0,9,0,0,1,0,0,1,1,0,0,0,0,2,0
United,1022,10,309,19,245,344,396,9,339,156,118,19,2,112,144,66,42,15,212,101,5,90,54,71,74,31,41,0,62,40,1,36,2,9,21,36,21,24,30,46,6,52,21,29,7,32,0,8,12,23,41,11,20,21,7,10,1,22,3,19,5,7,3,18,14,18,20,9,13,9,1,489,10,61,5,8,34,0,36,3,3,33,11,1,12,20,12,2,0,12,10,1,20,2,11,7,0,0,17,0
against,824,3,317,11,326,274,250,3,229,177,71,27,8,99,108,46,44,16,142,66,1,102,37,57,88,18,45,0,48,46,0,46,1,15,14,56,2,12,33,31,25,32,18,34,12,36,0,3,16,26,7,1,10,22,4,12,0,15,1,8,7,2,7,24,13,29,18,5,9,8,1,10,431,85,16,13,8,0,23,6,7,24,16,0,7,15,9,5,7,1,3,3,25,2,6,4,0,0,11,2
its,6964,8,3327,77,2567,3096,3301,2,2350,1483,936,43,27,1197,1398,589,710,86,1522,889,2,1029,503,776,764,239,387,5,659,290,5,352,10,82,250,243,29,173,343,563,54,299,184,256,338,380,2,33,219,185,203,26,58,326,76,104,0,92,4,260,68,7,5,204,89,202,208,95,74,127,1,61,85,4802,116,65,145,0,355,36,8,325,52,1,157,240,132,0,34,38,5,0,130,10,55,37,0,21,146,13
out,1607,12,722,27,560,868,610,4,494,256,318,62,7,216,276,114,103,46,273,136,2,183,110,79,138,66,100,0,115,90,0,128,1,30,39,70,7,36,89,123,23,107,59,34,42,72,0,6,40,57,61,5,47,60,8,14,0,18,2,45,16,8,9,27,20,31,41,36,7,29,6,5,16,116,887,10,17,0,63,32,11,53,14,1,45,35,25,4,16,18,2,6,32,0,25,5,0,3,32,7
Thursday,725,1,300,39,272,284,259,0,181,256,152,37,9,101,66,52,62,51,112,43,0,95,43,131,104,37,46,3,75,49,3,30,1,17,58,14,9,26,24,33,10,25,20,34,14,16,1,2,9,25,13,6,26,26,11,0,0,21,6,18,1,9,5,26,1,25,11,1,20,8,6,8,13,65,10,397,8,0,26,2,14,47,0,1,12,31,20,0,3,1,5,2,18,0,4,12,0,7,10,1
says,1761,12,579,47,510,647,610,8,491,178,201,66,1,188,447,100,141,77,343,126,1,103,168,43,135,58,77,2,132,46,4,124,2,24,52,64,8,64,71,133,31,143,62,37,23,85,0,15,32,59,69,6,17,77,16,7,1,30,6,47,2,7,10,35,8,20,40,40,38,26,0,34,8,145,17,8,1095,0,67,20,12,54,4,0,26,25,14,15,4,14,0,13,74,3,23,12,0,10,22,2
gun,6,1,2,1,2,4,3,1,2,1,0,1,0,0,0,0,0,0,2,0,0,0,0,0,0,0,0,0,0,0,0,0,0,1,0,0,0,0,0,1,0,1,0,0,0,0,0,0,1,1,2,1,0,0,0,0,0,0,0,0,0,0,0,0,0,0,0,0,0,0,0,0,0,0,0,0,0,7,0,0,0,0,0,0,0,0,0,0,1,0,0,0,0,0,1,0,0,0,0,0
than,4570,13,1639,50,1817,1650,2262,15,1130,592,530,61,18,480,747,247,557,74,1040,406,4,496,242,333,600,248,212,7,312,269,2,244,7,119,144,167,49,98,251,321,33,273,107,104,287,1229,1,6,69,122,135,20,91,261,47,40,1,81,8,206,22,20,6,117,33,95,129,60,45,59,0,36,23,355,63,26,67,0,2550,48,10,184,33,0,66,130,88,10,72,51,7,10,91,1,55,23,0,13,122,2
people,1089,7,574,16,418,555,405,3,446,114,207,18,8,170,287,89,71,19,201,74,0,130,84,56,80,29,59,1,89,33,0,98,2,15,70,75,6,24,41,71,69,182,58,14,20,93,0,0,27,30,55,3,83,57,4,1,0,7,1,17,7,1,5,22,7,26,27,34,3,23,0,3,6,36,32,2,20,0,48,676,4,32,6,0,34,33,12,2,0,13,3,2,30,0,28,9,0,1,12,0
Trump,368,5,160,5,153,159,72,1,166,80,91,54,2,41,83,21,19,21,34,30,2,53,28,30,23,41,19,3,20,15,3,27,2,14,26,15,5,10,20,18,8,17,20,6,4,8,0,5,23,54,13,0,7,12,7,11,0,6,62,4,0,53,169,5,1,7,4,4,4,21,0,3,7,8,11,14,12,0,10,4,281,18,3,0,5,6,2,47,0,22,1,49,15,1,6,3,0,0,11,0
-,3176,16,1466,96,1264,1425,1354,14,1107,801,389,102,19,448,525,278,320,76,604,282,3,371,252,330,399,139,224,7,313,151,4,197,3,32,106,137,90,8,156,137,35,150,107,111,138,167,4,16,65,103,90,15,53,181,16,58,0,11,9,80,38,23,10,105,66,93,53,33,47,57,10,33,24,325,53,47,54,0,184,32,18,2020,39,0,63,100,56,6,38,21,11,7,96,5,58,19,1,9,57,2
Monday,592,8,309,27,278,209,236,6,172,277,175,26,4,109,55,44,25,21,85,43,1,92,47,100,93,34,32,1,49,49,0,28,3,3,34,12,16,21,25,27,2,21,12,42,9,40,0,0,4,20,15,2,10,40,5,2,0,24,0,11,1,7,5,6,0,17,13,16,16,10,0,11,16,52,14,0,4,0,33,6,3,39,348,0,15,17,9,1,0,5,0,1,17,0,6,1,0,4,11,1
Court,17,1,3,0,6,7,5,0,5,3,3,0,1,2,1,1,1,1,5,1,0,1,0,1,1,1,1,0,2,0,0,0,0,0,3,1,1,1,0,1,0,0,1,0,0,0,0,0,0,2,1,0,0,1,0,0,0,1,1,1,0,1,0,0,1,0,0,0,1,0,8,1,0,1,1,1,0,0,0,0,0,0,0,10,0,0,0,0,0,1,0,0,1,0,0,0,0,0,0,1
into,2209,14,833,57,867,793,609,6,625,275,274,46,8,241,381,133,132,51,364,227,0,215,150,142,159,83,129,1,125,90,1,135,2,41,76,104,4,38,97,131,26,141,56,55,76,111,0,9,50,94,93,10,43,94,18,10,0,17,4,46,21,9,8,64,15,51,69,41,5,44,9,12,7,157,45,12,26,0,66,34,5,63,15,0,1200,92,43,7,10,15,2,8,66,0,40,11,0,2,31,6
which,3006,4,1194,30,1069,1214,1304,1,703,448,287,41,16,407,697,174,218,58,584,433,1,229,240,186,422,73,171,2,232,200,4,217,1,38,109,157,6,64,114,173,26,234,90,49,89,101,2,5,61,114,97,14,51,66,32,25,0,29,3,79,16,7,2,81,24,86,143,29,21,55,0,20,15,240,35,31,25,0,130,33,6,100,17,0,92,1596,58,5,10,3,0,7,63,5,42,15,0,6,30,5
had,1649,2,611,26,705,599,599,3,397,317,320,50,3,198,132,109,144,53,253,128,2,148,49,211,144,54,75,1,136,103,0,58,3,32,52,83,7,13,85,123,29,30,71,54,81,58,1,2,47,50,34,6,30,77,24,15,1,8,1,56,15,4,3,66,21,25,102,31,1,26,9,12,9,132,25,20,14,0,88,12,2,56,9,0,43,58,834,0,19,10,1,1,34,1,28,8,0,7,29,6
Hillary,195,5,106,8,83,77,77,5,79,44,35,18,1,22,31,25,12,4,27,13,3,37,19,12,4,22,15,9,11,17,4,9,0,7,16,11,0,13,5,12,2,7,6,3,1,6,0,6,4,25,5,5,6,3,9,12,0,5,26,0,1,37,52,11,3,1,3,6,8,12,0,2,5,0,4,0,15,0,10,2,47,6,1,0,7,5,0,153,0,6,1,135,9,3,6,1,0,0,2,0
final,791,24,179,27,239,451,412,17,167,104,38,31,1,71,66,15,71,10,163,23,2,121,14,30,87,61,46,0,50,52,0,17,0,22,10,22,36,20,17,24,1,5,14,10,33,32,0,2,7,1,4,24,3,27,10,17,0,23,0,69,4,0,0,6,10,13,1,19,17,3,0,0,7,34,16,3,4,1,72,0,0,38,0,0,10,10,19,0,321,3,0,1,10,0,0,0,0,0,6,1
American,677,11,201,18,211,282,233,6,240,84,113,14,4,87,138,52,43,6,130,49,6,53,54,39,59,48,29,0,40,30,1,45,5,18,44,34,24,16,34,53,7,51,15,25,22,42,1,5,23,18,34,4,59,23,6,2,1,13,4,26,4,12,20,15,6,8,15,6,10,11,1,12,1,38,18,1,14,0,51,13,22,21,5,1,15,3,10,6,3,403,1,7,15,0,12,1,0,3,11,1
Washington,188,9,57,7,68,67,76,6,78,33,27,8,0,29,19,13,22,6,34,20,0,15,10,12,10,10,10,0,10,4,2,3,1,8,17,4,8,6,18,6,12,8,2,12,2,7,1,0,3,2,1,0,5,5,2,2,1,3,9,3,5,2,3,5,0,3,9,3,5,2,0,10,3,5,2,5,0,0,7,3,1,11,0,0,2,0,1,1,0,1,97,1,5,0,2,5,0,2,3,1
Clinton,252,6,131,15,112,93,110,6,96,62,55,25,4,25,37,29,16,7,34,18,4,48,24,21,4,26,20,15,16,23,4,15,1,7,18,15,0,13,8,19,4,10,10,3,3,10,2,7,11,29,7,6,8,8,8,10,2,5,23,0,1,35,47,16,3,2,2,14,8,14,0,1,3,0,6,2,13,0,10,2,49,7,1,0,8,7,1,135,1,7,1,215,6,4,5,2,0,0,1,0
A,2325,1,872,19,831,1040,865,1,690,345,378,22,5,367,403,126,150,18,169,247,2,205,141,114,240,94,100,0,202,73,4,136,4,29,99,103,16,79,98,119,25,136,63,51,38,100,3,1,24,117,170,8,40,80,22,32,0,34,10,35,9,12,19,65,18,39,65,30,39,39,1,20,25,130,32,18,74,0,91,30,15,96,17,1,66,63,34,9,10,15,5,6,1331,5,35,16,0,6,28,4
Islamic,105,0,46,4,27,49,31,2,34,14,11,1,0,14,8,9,6,1,18,14,3,14,6,3,11,3,9,0,7,7,0,5,0,0,0,3,0,3,0,5,1,5,0,2,0,1,1,0,2,1,0,14,4,3,0,2,0,0,0,2,0,4,1,3,0,2,3,2,0,1,1,2,2,10,0,0,3,0,1,0,1,5,0,0,0,5,1,3,0,0,0,4,5,60,1,0,0,0,0,0
what,1249,9,672,31,402,463,398,2,380,225,167,46,5,199,416,84,115,72,168,138,0,100,81,51,60,36,80,1,69,72,0,138,2,9,109,89,4,35,98,101,27,125,64,18,24,49,3,9,56,50,41,6,28,79,8,12,0,8,0,27,7,5,2,26,9,14,59,22,3,13,0,11,6,55,25,4,23,1,55,28,6,58,6,0,40,42,28,6,0,12,2,5,35,1,754,10,0,2,13,3
made,673,9,238,19,240,312,236,5,201,112,115,38,4,101,103,51,49,30,128,126,1,63,28,46,76,27,40,1,37,35,1,40,4,4,26,57,3,12,44,60,15,21,21,10,21,45,2,5,18,14,10,4,16,24,12,5,0,7,3,11,3,1,2,12,18,26,18,8,1,12,0,7,4,37,5,12,12,0,23,9,3,19,1,0,11,15,8,1,0,1,5,2,16,0,10,370,0,4,8,3
Michelle,11,0,2,2,3,11,6,0,6,3,1,0,0,2,1,0,3,0,2,0,0,0,0,1,4,2,0,1,1,1,0,0,0,0,0,1,0,1,0,0,0,0,0,0,0,0,0,0,0,1,0,1,0,0,0,0,0,0,0,0,0,0,0,0,0,0,0,0,0,0,0,0,0,0,0,0,0,0,0,0,0,1,0,0,0,0,0,0,0,0,0,0,0,0,0,0,8,0,0,0
federal,424,2,135,3,131,125,146,1,97,61,44,9,1,56,74,25,14,10,79,32,0,43,35,35,52,12,23,0,31,21,1,11,1,5,7,16,3,19,18,18,1,20,8,4,10,20,0,1,9,11,16,0,8,21,0,1,1,9,2,18,3,1,0,6,3,23,9,6,2,9,0,0,0,21,3,7,10,0,13,1,0,9,4,0,2,6,7,0,0,3,2,0,6,0,2,4,0,192,3,4
two,1593,6,507,22,457,674,703,8,491,218,171,25,2,193,228,113,152,22,256,163,2,188,113,87,142,61,72,1,98,49,1,68,4,38,54,94,11,27,53,53,17,152,16,64,80,101,3,2,43,19,41,2,41,46,13,3,0,15,2,59,7,21,9,80,6,28,55,12,7,27,2,17,11,146,32,10,22,0,122,12,11,57,11,0,31,30,29,2,6,11,3,1,28,0,13,8,0,3,788,2
Congress,272,9,100,9,59,109,78,6,69,70,41,6,1,28,49,13,11,6,43,32,0,17,16,34,19,20,16,1,8,6,0,17,0,5,8,4,6,2,8,10,0,6,3,3,5,2,0,3,5,9,6,4,1,13,3,1,1,0,0,11,5,0,0,10,3,7,3,3,2,4,0,0,2,13,7,1,2,0,2,0,0,2,1,1,6,5,6,0,1,1,1,0,4,0,3,3,0,4,2,135
