"",the,of,to,a,in,and,Palestinian,Palestine,on,,for,The,is,that,has,with,at,by,Israeli,was,an,as,from,Israel,A,will,have,after,are,his,"""""""",said,its,be,"Palestine,",-,been,their,East,who,West,this,not,he,President,Minister,it,Palestine.,were,2016,(WAFA),over,between,during,which,Bank,against,Palestinians,her,United,first,about,In,Texas,one,Mahmoud,de,two,Middle,had,international,people,peace,International,state,Gaza,2015,up,more,visit,Abbas,New,I,–,into,but,last,support,Nations,"RAMALLAH,",new,Authority,or,years,Tuesday,Liberation,Monday,March,than,they
the,149780,51241,40884,33195,43285,31240,45,4,17334,549,14532,17732,19658,14423,9813,7174,8824,10207,43,5075,5097,11173,8059,45,2325,7236,4933,2416,6414,1820,2128,8304,6964,6239,0,3176,2835,1633,128,1160,162,4400,3324,1665,1616,2084,5640,0,1337,1522,0,3074,930,1104,3006,2439,824,12,310,1022,4243,4085,2580,86,1862,0,88,1593,117,1649,454,1089,19,1076,1905,3,1436,2483,4380,84,1,1347,959,399,2209,4274,3191,462,107,0,3137,96,1439,1819,839,1,592,566,4570,1340
of,51241,39481,15400,15918,15953,13150,59,0,6559,204,5133,8332,7935,5279,3924,3008,3672,3728,24,1935,2587,4369,3007,29,1040,2597,1974,933,2694,840,873,3067,3096,2314,0,1425,1130,871,60,508,59,1945,1275,677,782,928,2145,0,513,643,0,1104,324,425,1214,1379,274,5,134,344,1650,1511,982,35,1199,0,21,674,51,599,222,555,8,336,961,2,643,976,1595,52,1,542,379,144,793,1612,1323,158,41,0,1344,40,682,841,365,0,209,222,1650,513
to,40884,15400,36860,15701,14705,12586,22,2,6421,228,5037,7032,8224,5272,3789,2793,2758,3906,15,1702,2482,4360,3306,30,872,2892,2265,921,2737,1007,801,3149,3327,3174,0,1466,959,923,53,515,55,2028,1302,841,758,1072,2587,0,522,589,0,1021,299,301,1194,924,317,6,163,309,1050,1349,785,25,631,0,22,507,47,611,167,574,7,378,516,1,503,1291,2057,87,1,490,401,140,833,1744,997,346,27,0,1532,25,693,665,321,0,309,190,1639,592
a,33195,15918,15701,31370,15839,10877,16,2,6255,155,5462,6409,6927,5151,3415,2927,3570,3690,12,1858,1828,4410,3030,13,831,2252,1928,1102,2040,649,788,2871,2567,2211,0,1264,1027,580,29,440,35,1542,1123,675,523,753,1991,0,401,489,0,1070,286,339,1069,645,326,8,132,245,1167,1189,875,23,581,0,42,457,29,705,175,418,12,364,483,3,471,850,1745,51,1,489,382,123,867,1655,1132,175,32,0,1592,18,638,615,351,2,278,192,1817,397
in,43285,15953,14705,15839,35723,11986,5,0,5895,146,4687,7779,6709,4758,3405,2843,3534,4663,14,2143,2349,4649,3217,9,865,2441,1798,1124,2247,688,755,3346,3301,2108,0,1354,994,693,69,412,65,1710,1076,511,503,747,1954,0,641,856,0,999,237,359,1304,769,250,4,117,396,2121,1208,656,31,638,0,46,703,69,599,179,405,4,354,489,1,932,1003,1844,40,1,568,274,136,609,1709,1399,174,38,0,1082,26,497,875,354,0,236,302,2262,385
and,31240,13150,12586,10877,11986,25172,9,1,5089,181,4479,5451,5952,3840,2773,2312,2358,2898,9,1211,1669,3518,2272,19,690,2285,1704,596,2517,585,686,2187,2350,1795,0,1107,834,773,51,343,56,1359,823,493,527,745,1611,0,484,460,0,841,538,247,703,574,229,11,122,339,805,1271,599,41,467,0,26,491,47,397,174,446,10,274,466,4,479,800,1521,33,1,445,258,122,625,1035,797,215,43,0,1111,15,369,505,222,1,172,162,1130,480
Palestinian,45,59,22,16,5,9,33,1,8,0,2,20,12,2,4,15,0,1,2,6,2,0,1,3,1,0,0,0,2,1,6,12,5,0,0,1,0,1,0,0,0,1,0,0,0,1,3,0,0,0,0,11,2,0,1,7,0,2,0,1,0,0,1,0,0,0,0,0,0,0,0,0,1,0,0,0,0,0,2,0,0,0,0,0,2,0,0,0,0,0,1,1,11,0,0,0,0,0,0,0
Palestine,4,0,2,2,0,1,1,1,1,0,0,1,0,0,0,0,0,0,1,0,0,0,0,0,0,0,0,0,0,0,0,0,1,0,0,0,0,0,0,0,0,0,0,0,0,0,0,0,0,0,0,0,1,0,0,0,0,1,0,1,0,0,0,0,0,0,0,0,0,0,0,0,0,0,0,0,0,0,0,0,0,0,0,0,0,0,0,0,0,0,1,1,0,0,0,0,0,0,0,0
on,17334,6559,6421,6255,5895,5089,8,1,11271,114,2196,2835,2749,2156,1262,1177,1216,1553,10,780,1036,1671,1120,12,345,1240,802,478,972,547,290,2025,1483,989,0,801,314,351,18,220,23,658,493,413,407,614,906,0,233,245,0,418,111,136,448,436,177,1,81,156,488,581,330,11,229,0,13,218,18,317,80,114,4,169,284,0,237,435,704,22,0,253,146,51,275,706,427,78,25,0,439,7,195,236,338,0,277,108,592,218
"",549,204,228,155,146,181,0,0,114,348,86,17,63,73,25,39,39,41,0,17,36,42,32,0,5,33,20,14,25,13,13,40,27,29,0,19,9,9,0,3,1,20,10,14,10,21,26,0,5,4,0,10,2,2,16,5,8,0,3,2,6,23,1,0,12,0,0,2,2,3,2,8,0,7,6,0,1,10,25,2,0,7,1,1,8,16,9,4,0,0,11,0,9,7,3,0,4,0,18,7
for,14532,5133,5037,5462,4687,4479,2,0,2196,86,9395,2482,2586,1765,1319,973,973,1166,3,567,845,1544,932,12,367,879,645,281,974,310,283,1034,1197,991,0,448,481,304,13,180,31,656,404,242,202,340,782,0,187,261,0,316,90,107,407,290,99,5,76,112,465,421,273,13,237,0,9,193,4,198,51,170,4,134,145,2,182,359,676,10,0,188,132,60,241,661,356,99,30,0,471,13,200,274,139,0,109,84,480,180
The,17732,8332,7032,6409,7779,5451,20,1,2835,17,2482,11512,4031,2284,1952,1307,1502,2082,18,907,985,1903,1442,5,169,1244,766,409,910,157,413,1355,1522,963,0,604,502,293,34,189,27,842,538,138,193,248,1026,0,257,293,0,488,180,146,584,547,142,2,35,212,754,474,206,10,271,0,15,256,24,253,66,201,1,241,218,0,276,481,911,21,0,250,97,66,364,836,656,72,30,0,657,19,258,275,157,0,85,115,1040,165
is,19658,7935,8224,6927,6709,5952,12,0,2749,63,2586,4031,14551,3487,1275,1250,1369,1596,5,432,1142,1772,1200,12,403,948,746,357,1214,338,486,1402,1398,1101,0,525,405,281,24,282,35,1033,1035,336,279,319,1545,0,113,249,0,354,147,103,697,385,108,2,74,144,400,655,384,8,493,0,10,228,23,132,75,287,4,174,221,1,172,474,757,18,0,265,215,54,381,1054,353,79,21,0,681,13,370,261,87,1,55,72,747,178
that,14423,5279,5272,5151,4758,3840,2,0,2156,73,1765,2284,3487,9496,1611,829,972,1127,5,837,875,1179,1036,7,378,1263,851,300,1196,390,320,1363,936,1058,0,389,442,245,15,175,13,690,630,380,264,373,999,0,275,159,0,324,104,120,287,278,71,1,64,118,346,435,333,5,273,0,9,171,10,320,54,207,2,150,157,0,150,286,629,8,1,152,227,58,274,600,411,58,8,0,453,2,205,227,175,0,175,53,530,220
has,9813,3924,3789,3415,3405,2773,4,0,1262,25,1319,1952,1275,1611,6319,669,575,894,3,238,573,958,564,9,247,377,399,168,422,261,213,644,889,432,0,282,1237,95,21,135,12,419,344,225,239,270,661,0,70,126,0,361,74,68,433,196,66,0,39,101,203,294,223,7,202,0,3,163,17,128,55,74,5,92,151,0,103,231,464,15,1,133,38,31,227,444,278,63,9,0,288,2,106,208,47,0,43,27,406,85
with,7174,3008,2793,2927,2843,2312,15,0,1177,39,973,1307,1250,829,669,4471,432,607,7,323,496,679,541,1,126,476,332,144,437,160,115,475,589,390,0,278,200,141,13,72,10,304,213,117,179,177,337,0,76,106,0,225,39,63,174,119,46,0,45,66,248,223,177,7,119,0,4,113,10,109,55,89,2,83,140,0,132,238,317,12,0,86,99,25,133,278,219,39,14,0,258,7,122,83,61,0,44,41,247,71
at,8824,3672,2758,3570,3534,2358,0,0,1216,39,973,1502,1369,972,575,432,5093,628,3,380,585,795,508,3,150,495,339,160,427,184,167,689,710,440,0,320,197,158,5,94,12,463,265,152,139,139,423,0,95,157,0,207,52,134,218,206,44,0,22,42,419,280,162,8,116,0,6,152,6,144,39,71,3,66,88,0,156,157,344,7,0,155,73,28,132,341,325,34,6,0,187,6,110,189,93,1,25,63,557,99
by,10207,3728,3906,3690,4663,2898,1,0,1553,41,1166,2082,1596,1127,894,607,628,6400,5,606,579,1060,819,6,240,627,328,261,438,113,146,857,764,590,0,399,373,165,13,107,21,531,241,128,124,189,492,0,186,162,0,260,104,86,422,205,88,0,17,74,363,241,163,9,145,0,9,142,9,144,56,80,0,140,137,0,214,292,435,2,0,117,48,36,159,320,408,56,20,0,348,13,113,153,85,0,93,62,600,68
Israeli,43,24,15,12,14,9,2,1,10,0,3,18,5,5,3,7,3,5,34,2,3,2,5,4,3,4,3,3,1,0,0,1,3,1,0,0,0,0,0,0,0,2,2,5,0,2,1,0,1,0,0,0,2,0,0,1,0,1,0,3,3,1,0,0,0,0,0,0,0,0,0,0,0,0,0,0,1,1,1,0,0,0,2,0,0,0,0,0,0,0,1,1,0,1,0,0,0,0,3,0
was,5075,1935,1702,1858,2143,1211,6,0,780,17,567,907,432,837,238,323,380,606,2,2758,271,537,406,1,73,101,135,140,83,135,78,599,290,191,0,151,84,39,2,55,4,161,192,196,83,139,412,0,114,59,0,128,30,45,200,100,46,0,14,40,212,172,98,1,119,0,6,49,3,103,12,33,0,28,60,0,91,118,159,4,0,58,111,15,90,241,218,9,3,0,105,4,82,85,57,0,49,24,269,36
an,5097,2587,2482,1828,2349,1669,2,0,1036,36,845,985,1142,875,573,496,585,579,3,271,3445,673,463,2,100,328,304,154,356,129,119,488,387,356,0,224,152,94,9,62,9,225,220,129,97,125,319,0,75,55,0,142,51,57,171,76,45,1,22,41,145,164,185,5,100,0,4,72,4,75,30,59,0,49,83,0,66,176,211,6,1,56,55,14,129,250,169,35,7,0,198,6,113,91,50,0,32,23,212,80
as,11173,4369,4360,4410,4649,3518,0,0,1671,42,1544,1903,1772,1179,958,679,795,1060,2,537,673,7628,732,2,205,644,512,256,686,228,197,776,1029,622,0,371,299,255,9,105,22,478,388,246,157,227,784,0,147,144,0,273,63,93,229,232,102,2,27,90,419,383,193,10,182,0,16,188,10,148,40,130,3,69,152,1,212,241,513,14,0,137,78,28,215,403,399,66,7,0,364,4,166,235,124,0,92,83,496,200
from,8059,3007,3306,3030,3217,2272,1,0,1120,32,932,1442,1200,1036,564,541,508,819,5,406,463,732,4484,1,202,527,291,199,431,143,133,567,659,359,0,313,143,107,6,78,6,328,216,115,69,121,363,0,108,142,0,186,44,59,232,182,48,0,31,62,323,217,114,6,108,0,4,98,14,136,27,89,1,132,87,0,135,236,304,4,0,89,61,25,125,289,253,46,5,0,262,8,80,136,63,0,49,49,312,77
Israel,45,29,30,13,9,19,3,0,12,0,12,5,12,7,9,1,3,6,4,1,2,2,1,33,1,2,2,2,5,0,6,2,13,1,0,0,2,2,0,0,1,0,5,2,0,0,3,0,0,0,0,0,2,0,1,7,3,2,0,0,0,0,0,0,1,0,0,1,0,1,0,0,0,0,0,1,3,1,3,0,0,0,0,0,0,6,0,0,0,0,0,0,0,0,2,0,0,0,2,0
A,2325,1040,872,831,865,690,1,0,345,5,367,169,403,378,247,126,150,240,3,73,100,205,202,1,1331,141,103,51,136,22,79,114,130,136,0,96,65,40,2,25,3,98,63,18,19,33,119,0,27,30,0,65,20,22,63,41,25,0,5,20,38,99,24,8,39,0,2,28,0,34,9,30,1,23,36,0,20,39,100,3,0,35,23,4,66,80,35,9,4,0,170,0,29,29,32,0,17,8,91,34
will,7236,2597,2892,2252,2441,2285,0,0,1240,33,879,1244,948,1263,377,476,495,627,4,101,328,644,527,2,141,4631,400,119,309,123,132,673,503,1156,0,252,89,124,6,55,9,579,298,193,129,233,584,0,29,215,0,215,62,45,240,194,37,2,27,54,190,177,130,1,110,0,24,113,7,49,43,84,2,82,91,1,76,175,295,9,0,85,65,23,150,319,85,63,8,0,303,2,129,126,66,0,47,48,242,97
have,4933,1974,2265,1928,1798,1704,0,0,802,20,645,766,746,851,399,332,339,328,3,135,304,512,291,2,103,400,3223,89,309,79,125,303,243,226,0,137,532,182,6,97,3,218,258,83,46,76,292,0,48,60,0,151,42,29,157,79,56,0,12,36,115,197,117,6,90,0,0,94,4,83,19,75,4,37,68,0,52,122,234,3,0,48,92,16,104,289,118,28,6,0,130,0,119,108,21,0,12,16,167,165
after,2416,933,921,1102,1124,596,0,0,478,14,281,409,357,300,168,144,160,261,3,140,154,256,199,2,51,119,89,1284,111,76,37,246,256,134,0,111,46,91,4,43,4,108,58,66,53,80,134,0,44,40,0,51,15,13,49,75,34,2,10,29,124,105,30,2,26,0,2,64,3,54,15,14,1,19,25,1,53,71,109,1,0,16,5,5,55,73,88,3,0,0,50,2,20,163,50,0,42,15,104,23
are,6414,2694,2737,2040,2247,2517,2,0,972,25,974,910,1214,1196,422,437,427,438,1,83,356,686,431,5,136,309,309,111,4512,73,168,345,299,330,0,150,147,310,3,180,10,299,277,82,80,97,276,0,80,93,0,193,47,29,234,97,32,4,17,52,87,402,113,9,93,0,6,152,7,30,24,182,0,37,90,1,45,182,410,8,0,81,68,24,141,367,115,28,0,0,257,3,138,82,23,0,21,18,273,313
his,1820,840,1007,649,688,585,1,0,547,13,310,157,338,390,261,160,184,113,0,135,129,228,143,0,22,123,79,76,73,1413,45,229,43,117,0,102,45,19,3,48,3,83,65,274,223,163,74,0,24,26,0,51,11,37,41,21,27,0,10,19,72,102,91,1,40,0,5,25,3,50,7,18,0,6,29,0,13,51,62,8,0,39,15,8,46,67,48,9,0,0,50,0,19,30,53,0,26,7,61,18
"""""""",2128,873,801,788,755,686,6,0,290,13,283,413,486,320,213,115,167,146,0,78,119,197,133,6,79,132,125,37,168,45,1927,78,173,145,0,8,67,53,7,25,3,97,80,40,50,38,123,0,8,54,0,49,10,23,64,41,12,0,15,24,50,89,44,6,57,0,1,27,1,13,7,24,4,20,30,0,38,58,99,1,0,21,24,0,38,89,54,10,3,0,96,0,61,53,26,0,21,8,98,47
said,8304,3067,3149,2871,3346,2187,12,0,2025,40,1034,1355,1402,1363,644,475,689,857,1,599,488,776,567,2,114,673,303,246,345,229,78,4234,776,563,0,330,131,66,9,118,13,427,325,415,220,424,577,0,120,100,0,204,60,83,186,328,57,1,29,71,241,212,162,2,83,0,12,87,12,211,42,56,2,160,111,0,117,180,304,5,0,118,34,18,142,381,266,39,12,0,158,8,63,101,144,0,100,55,333,82
its,6964,3096,3327,2567,3301,2350,5,1,1483,27,1197,1522,1398,936,889,589,710,764,3,290,387,1029,659,13,130,503,243,256,299,43,173,776,4802,352,0,325,208,58,9,54,8,343,184,86,77,117,563,0,74,149,0,204,55,76,240,278,85,1,5,61,338,250,219,5,127,0,0,146,13,132,55,36,0,90,121,0,123,202,380,2,0,65,20,34,157,326,260,63,16,0,203,3,56,220,104,0,52,61,355,45
be,6239,2314,3174,2211,2108,1795,0,0,989,29,991,963,1101,1058,432,390,440,590,1,191,356,622,359,1,136,1156,226,134,330,117,145,563,352,3631,0,197,97,112,6,73,7,350,337,182,94,141,512,0,59,125,0,148,25,35,217,109,46,2,20,36,124,185,122,2,135,0,0,68,8,58,31,98,2,57,56,1,57,132,281,4,0,56,82,32,135,404,107,21,7,0,164,0,134,110,24,0,28,24,244,120
"Palestine,",0,0,0,0,0,0,0,0,0,0,0,0,0,0,0,0,0,0,0,0,0,0,0,0,0,0,0,0,0,0,0,0,0,0,0,0,0,0,0,0,0,0,0,0,0,0,0,0,0,0,0,0,0,0,0,0,0,0,0,0,0,0,0,0,0,0,0,0,0,0,0,0,0,0,0,0,0,0,0,0,0,0,0,0,0,0,0,0,0,0,0,0,0,0,0,0,0,0,0,0
-,3176,1425,1466,1264,1354,1107,1,0,801,19,448,604,525,389,282,278,320,399,0,151,224,371,313,0,96,252,137,111,150,102,8,330,325,197,0,2020,53,53,4,35,4,156,107,76,96,138,137,0,29,79,0,105,10,16,100,108,24,0,6,33,138,106,65,4,57,0,5,57,2,56,13,32,1,43,44,0,71,93,167,4,0,53,16,7,63,181,80,14,2,0,90,3,55,54,58,0,39,38,184,40
been,2835,1130,959,1027,994,834,0,0,314,9,481,502,405,442,1237,200,197,373,0,84,152,299,143,2,65,89,532,46,147,45,67,131,208,97,0,53,1683,42,4,33,3,156,131,73,37,39,173,0,26,33,0,129,31,16,143,39,18,0,5,20,37,116,67,0,67,0,0,55,3,102,15,27,1,15,32,0,33,75,149,4,0,28,35,10,69,157,111,21,2,0,71,0,59,98,10,0,13,6,129,51
their,1633,871,923,580,693,773,1,0,351,9,304,293,281,245,95,141,158,165,0,39,94,255,107,2,40,124,182,91,310,19,53,66,58,112,0,53,42,1317,3,47,5,74,61,10,25,21,70,0,36,27,0,48,12,13,51,28,10,2,0,20,48,175,45,4,42,0,0,41,5,30,7,83,0,9,19,1,11,62,101,6,0,18,18,14,43,80,32,12,3,0,60,2,51,27,9,0,10,5,91,129
East,128,60,53,29,69,51,0,0,18,0,13,34,24,15,21,13,5,13,0,2,9,9,6,0,2,6,6,4,3,3,7,9,9,6,0,4,4,3,78,0,1,5,7,3,5,2,4,0,7,1,0,3,0,5,5,7,0,0,0,2,2,7,2,0,6,0,0,0,31,0,0,1,0,6,0,0,1,3,1,3,0,0,0,0,2,8,2,1,0,0,3,0,1,0,3,0,0,1,2,0
who,1160,508,515,440,412,343,0,0,220,3,180,189,282,175,135,72,94,107,0,55,62,105,78,0,25,55,97,43,180,48,25,118,54,73,0,35,33,47,0,657,2,69,55,48,27,45,65,0,38,10,0,26,9,15,26,19,25,0,14,6,15,53,16,0,20,0,1,17,0,29,3,69,0,2,16,0,6,26,51,3,0,17,17,4,26,57,23,3,1,0,35,0,39,24,13,0,2,3,33,25
West,162,59,55,35,65,56,0,0,23,1,31,27,35,13,12,10,12,21,0,4,9,22,6,1,3,9,3,4,10,3,3,13,8,7,0,4,3,5,1,2,83,8,1,1,1,2,8,0,2,2,0,6,3,2,3,4,2,3,0,0,1,8,3,2,4,0,0,5,1,3,1,0,0,7,6,1,0,0,3,0,0,3,0,1,2,4,2,0,1,0,5,1,0,1,0,0,1,0,2,9
this,4400,1945,2028,1542,1710,1359,1,0,658,20,656,842,1033,690,419,304,463,531,2,161,225,478,328,0,98,579,218,108,299,83,97,427,343,350,0,156,156,74,5,69,8,2679,163,92,57,86,275,0,61,80,0,95,35,38,114,154,33,1,9,30,174,182,169,1,77,0,4,53,2,85,17,41,1,55,37,0,52,98,228,3,0,42,73,20,97,263,147,21,4,0,139,3,68,73,32,0,25,19,251,53
not,3324,1275,1302,1123,1076,823,0,0,493,10,404,538,1035,630,344,213,265,241,2,192,220,388,216,5,63,298,258,58,277,65,80,325,184,337,0,107,131,61,7,55,1,163,2009,110,49,70,306,0,51,38,0,66,20,23,90,53,18,0,11,21,73,138,63,0,71,0,6,16,3,71,14,58,0,30,46,0,32,69,110,2,0,43,63,14,56,405,60,10,0,0,72,0,124,49,25,0,12,15,107,54
he,1665,677,841,675,511,493,0,0,413,14,242,138,336,380,225,117,152,128,5,196,129,246,115,2,18,193,83,66,82,274,40,415,86,182,0,76,73,10,3,48,1,92,110,1190,98,164,78,0,23,14,0,54,17,22,58,47,16,0,3,15,36,90,36,0,27,0,2,22,3,53,10,19,2,5,30,0,11,49,67,5,0,21,23,15,51,86,48,6,2,0,35,0,29,17,28,0,21,5,74,7
President,1616,782,758,523,503,527,0,0,407,10,202,193,279,264,239,179,139,124,0,83,97,157,69,0,19,129,46,53,80,223,50,220,77,94,0,96,37,25,5,27,1,57,49,98,1104,45,70,0,12,31,0,41,18,36,30,61,11,0,15,19,30,86,41,1,33,0,3,22,5,26,5,16,0,4,51,0,11,41,56,7,0,31,7,4,57,49,34,10,0,0,42,0,6,24,35,0,27,3,50,12
Minister,2084,928,1072,753,747,745,1,0,614,21,340,248,319,373,270,177,139,189,2,139,125,227,121,0,33,233,76,80,97,163,38,424,117,141,0,138,39,21,2,45,2,86,70,164,45,1434,77,0,25,29,0,68,21,28,59,26,34,0,5,18,28,54,36,0,23,0,16,28,1,45,5,14,3,19,28,0,16,44,62,9,0,44,9,6,44,58,56,13,1,0,55,1,15,38,41,0,39,19,68,4
it,5640,2145,2587,1991,1954,1611,3,0,906,26,782,1026,1545,999,661,337,423,492,1,412,319,784,363,3,119,584,292,134,276,74,123,577,563,512,0,137,173,70,4,65,8,275,306,78,70,77,3539,0,74,51,0,115,22,42,173,135,31,0,14,46,157,206,125,1,133,0,2,53,5,123,26,71,1,68,59,0,71,115,283,1,0,50,90,25,131,398,153,24,3,0,157,1,128,113,67,0,27,14,321,73
Palestine.,0,0,0,0,0,0,0,0,0,0,0,0,0,0,0,0,0,0,0,0,0,0,0,0,0,0,0,0,0,0,0,0,0,0,0,0,0,0,0,0,0,0,0,0,0,0,0,0,0,0,0,0,0,0,0,0,0,0,0,0,0,0,0,0,0,0,0,0,0,0,0,0,0,0,0,0,0,0,0,0,0,0,0,0,0,0,0,0,0,0,0,0,0,0,0,0,0,0,0,0
were,1337,513,522,401,641,484,0,0,233,5,187,257,113,275,70,76,95,186,1,114,75,147,108,0,27,29,48,44,80,24,8,120,74,59,0,29,26,36,7,38,2,61,51,23,12,25,74,0,808,14,0,31,8,13,80,18,9,0,5,9,39,115,21,1,17,0,0,12,6,32,7,38,1,11,19,0,15,36,73,1,0,21,23,17,27,70,64,4,2,0,34,0,17,28,10,0,12,8,85,74
2016,1522,643,589,489,856,460,0,0,245,4,261,293,249,159,126,106,157,162,0,59,55,144,142,0,30,215,60,40,93,26,54,100,149,125,0,79,33,27,1,10,2,80,38,14,31,29,51,0,14,907,0,35,8,27,31,48,8,0,6,20,110,39,27,0,16,0,2,29,6,19,4,9,0,20,16,0,35,40,46,1,0,44,5,4,32,64,42,10,7,0,47,6,20,36,10,0,9,31,71,12
(WAFA),0,0,0,0,0,0,0,0,0,0,0,0,0,0,0,0,0,0,0,0,0,0,0,0,0,0,0,0,0,0,0,0,0,0,0,0,0,0,0,0,0,0,0,0,0,0,0,0,0,0,0,0,0,0,0,0,0,0,0,0,0,0,0,0,0,0,0,0,0,0,0,0,0,0,0,0,0,0,0,0,0,0,0,0,0,0,0,0,0,0,0,0,0,0,0,0,0,0,0,0
over,3074,1104,1021,1070,999,841,11,0,418,10,316,488,354,324,361,225,207,260,0,128,142,273,186,0,65,215,151,51,193,51,49,204,204,148,0,105,129,48,3,26,6,95,66,54,41,68,115,0,31,35,0,1476,18,29,81,43,24,0,19,18,95,70,38,2,36,0,2,80,4,66,12,22,0,12,43,0,22,59,99,4,0,36,23,5,64,154,113,9,2,0,90,0,68,107,26,0,6,15,117,39
between,930,324,299,286,237,538,2,1,111,2,90,180,147,104,74,39,52,104,2,30,51,63,44,2,20,62,42,15,47,11,10,60,55,25,0,10,31,12,0,9,3,35,20,17,18,21,22,0,8,8,0,18,462,1,19,4,7,1,0,13,22,25,22,3,7,0,2,42,0,17,8,7,0,7,12,0,11,24,31,2,0,14,4,3,10,24,17,2,3,0,34,3,8,10,3,0,2,12,34,5
during,1104,425,301,339,359,247,0,0,136,2,107,146,103,120,68,63,134,86,0,45,57,93,59,0,22,45,29,13,29,37,23,83,76,35,0,16,16,13,5,15,2,38,23,22,36,28,42,0,13,27,0,29,1,519,32,19,4,0,8,7,98,27,11,2,13,0,1,13,2,24,6,4,0,2,20,0,19,22,37,6,0,22,6,7,18,52,36,0,0,0,26,0,16,28,19,0,5,7,47,3
which,3006,1214,1194,1069,1304,703,1,0,448,16,407,584,697,287,433,174,218,422,0,200,171,229,232,1,63,240,157,49,234,41,64,186,240,217,0,100,143,51,5,26,3,114,90,58,30,59,173,0,80,31,0,81,19,32,1596,55,15,0,15,20,89,109,61,1,55,0,3,30,2,58,8,33,1,33,36,0,28,86,101,2,0,40,19,6,92,66,79,19,1,0,97,0,29,41,25,0,17,10,130,40
Bank,2439,1379,924,645,769,574,7,0,436,5,290,547,385,278,196,119,206,205,1,100,76,232,182,7,41,194,79,75,97,21,41,328,278,109,0,108,39,28,7,19,4,154,53,47,61,26,135,0,18,48,0,43,4,19,55,1183,9,1,1,8,65,79,36,3,22,0,8,32,4,26,8,5,0,17,22,0,38,60,109,1,0,23,7,8,41,94,48,11,0,0,40,0,20,31,43,0,22,5,101,18
against,824,274,317,326,250,229,0,0,177,8,99,142,108,71,66,46,44,88,0,46,45,102,48,3,25,37,56,34,32,27,12,57,85,46,0,24,18,10,0,25,2,33,18,16,11,34,31,0,9,8,0,24,7,4,15,9,431,0,1,10,12,14,16,0,8,0,0,11,1,9,2,6,0,1,15,0,12,29,36,0,0,11,7,0,7,22,8,8,1,0,7,0,12,13,12,0,16,3,23,9
Palestinians,12,5,6,8,4,11,2,1,1,0,5,2,2,1,0,0,0,0,1,0,1,2,0,2,0,2,0,2,4,0,0,1,1,2,0,0,0,2,0,0,3,1,0,0,0,0,0,0,0,0,0,0,1,0,0,1,0,7,0,1,0,0,0,0,0,0,0,0,0,0,0,0,0,1,0,2,0,0,1,0,0,0,0,0,0,0,0,0,0,0,1,1,0,0,0,0,0,0,2,0
her,310,134,163,132,117,122,0,0,81,3,76,35,74,64,39,45,22,17,0,14,22,27,31,0,5,27,12,10,17,10,15,29,5,20,0,6,5,0,0,14,0,9,11,3,15,5,14,0,5,6,0,19,0,8,15,1,1,0,294,3,19,24,18,0,11,0,0,4,0,10,0,2,0,0,7,0,2,2,9,2,0,6,11,0,24,22,6,1,0,0,10,0,4,12,2,0,4,4,4,1
United,1022,344,309,245,396,339,1,1,156,2,112,212,144,118,101,66,42,74,3,40,41,90,62,0,20,54,36,29,52,19,24,71,61,36,0,33,20,20,2,6,0,30,21,15,19,18,46,0,9,20,0,18,13,7,20,8,10,1,3,489,7,21,12,2,9,0,0,17,2,12,5,3,0,15,6,0,8,18,32,0,1,7,9,6,12,21,19,0,47,0,41,1,6,12,10,0,11,2,36,19
first,4243,1650,1050,1167,2121,805,0,0,488,6,465,754,400,346,203,248,419,363,3,212,145,419,323,0,38,190,115,124,87,72,50,241,338,124,0,138,37,48,2,15,1,174,73,36,30,28,157,0,39,110,0,95,22,98,89,65,12,0,19,7,1789,69,63,1,38,0,3,80,2,81,10,20,0,14,29,0,45,74,186,3,0,30,27,26,76,190,109,11,0,0,69,5,17,100,27,0,9,35,287,16
about,4085,1511,1349,1189,1208,1271,0,0,581,23,421,474,655,435,294,223,280,241,1,172,164,383,217,0,99,177,197,105,402,102,89,212,250,185,0,106,116,175,7,53,8,182,138,90,86,54,206,0,115,39,0,70,25,27,109,79,14,0,24,21,69,2406,97,4,57,0,3,54,7,52,3,70,0,20,93,0,28,60,227,2,0,55,87,7,76,144,89,8,0,0,119,0,85,43,47,0,34,5,144,95
In,2580,982,785,875,656,599,1,0,330,1,273,206,384,333,223,177,162,163,0,98,185,193,114,0,24,130,117,30,113,91,44,162,219,122,0,65,67,45,2,16,3,169,63,36,41,36,125,0,21,27,0,38,22,11,61,36,16,0,18,12,63,97,1295,0,44,0,3,43,2,47,9,27,1,24,38,0,17,45,76,3,0,35,33,8,50,45,66,4,0,0,93,1,59,39,9,0,4,9,69,34
Texas,86,35,25,23,31,41,0,0,11,0,13,10,8,5,7,7,8,9,0,1,5,10,6,0,8,1,6,2,9,1,6,2,5,2,0,4,0,4,0,0,2,1,0,0,1,0,1,0,1,0,0,2,3,2,1,3,0,0,0,2,1,4,0,60,3,0,0,1,0,3,1,0,0,0,8,0,1,1,3,0,0,1,0,1,1,3,9,0,0,0,2,0,3,1,0,0,0,0,3,0
one,1862,1199,631,581,638,467,0,0,229,12,237,271,493,273,202,119,116,145,0,119,100,182,108,1,39,110,90,26,93,40,57,83,127,135,0,57,67,42,6,20,4,77,71,27,33,23,133,0,17,16,0,36,7,13,55,22,8,0,11,9,38,57,44,3,1047,0,1,27,8,26,1,23,0,5,17,0,16,44,70,4,0,18,35,7,44,101,40,12,1,0,45,0,58,34,5,0,10,5,59,18
Mahmoud,0,0,0,0,0,0,0,0,0,0,0,0,0,0,0,0,0,0,0,0,0,0,0,0,0,0,0,0,0,0,0,0,0,0,0,0,0,0,0,0,0,0,0,0,0,0,0,0,0,0,0,0,0,0,0,0,0,0,0,0,0,0,0,0,0,0,0,0,0,0,0,0,0,0,0,0,0,0,0,0,0,0,0,0,0,0,0,0,0,0,0,0,0,0,0,0,0,0,0,0
de,88,21,22,42,46,26,0,0,13,0,9,15,10,9,3,4,6,9,0,6,4,16,4,0,2,24,0,2,6,5,1,12,0,0,0,5,0,0,0,1,0,4,6,2,3,16,2,0,0,2,0,2,2,1,3,8,0,0,0,0,3,3,3,0,1,0,55,0,0,2,0,0,0,2,1,0,0,0,0,0,0,0,0,0,1,6,0,2,0,0,3,0,1,0,1,0,0,1,1,0
two,1593,674,507,457,703,491,0,0,218,2,193,256,228,171,163,113,152,142,0,49,72,188,98,1,28,113,94,64,152,25,27,87,146,68,0,57,55,41,0,17,5,53,16,22,22,28,53,0,12,29,0,80,42,13,30,32,11,0,4,17,80,54,43,1,27,0,0,788,0,29,10,12,0,9,21,0,15,28,101,3,0,14,14,4,31,46,59,3,0,0,41,0,23,158,3,0,11,8,122,20
Middle,117,51,47,29,69,47,0,0,18,2,4,24,23,10,17,10,6,9,0,3,4,10,14,0,0,7,4,3,7,3,1,12,13,8,0,2,3,5,31,0,1,2,3,3,5,1,5,0,6,6,0,4,0,2,2,4,1,0,0,2,2,7,2,0,8,0,0,0,64,1,1,1,0,7,0,0,0,2,4,3,0,0,0,0,4,4,2,0,0,0,0,0,6,0,3,0,0,0,2,0
had,1649,599,611,705,599,397,0,0,317,3,198,253,132,320,128,109,144,144,0,103,75,148,136,1,34,49,83,54,30,50,13,211,132,58,0,56,102,30,0,29,3,85,71,53,26,45,123,0,32,19,0,66,17,24,58,26,9,0,10,12,81,52,47,3,26,0,2,29,1,834,8,12,0,17,25,0,24,25,58,1,0,13,25,10,43,77,56,2,0,0,34,1,28,35,15,0,9,20,88,24
international,454,222,167,175,179,174,0,0,80,2,51,66,75,54,55,55,39,56,0,12,30,40,27,0,9,43,19,15,24,7,7,42,55,31,0,13,15,7,0,3,1,17,14,10,5,5,26,0,7,4,0,12,8,6,8,8,2,0,0,5,10,3,9,1,1,0,0,10,1,8,244,1,1,7,4,0,7,5,18,1,0,11,3,0,5,14,12,1,0,0,20,0,1,12,1,0,1,3,10,2
people,1089,555,574,418,405,446,0,0,114,8,170,201,287,207,74,89,71,80,0,33,59,130,89,0,30,84,75,14,182,18,24,56,36,98,0,32,27,83,1,69,0,41,58,19,16,14,71,0,38,9,0,22,7,4,33,5,6,0,2,3,20,70,27,0,23,0,0,12,1,12,1,676,0,3,5,0,7,26,93,0,0,6,17,11,34,57,17,2,1,0,55,0,60,12,1,0,6,12,48,46
peace,19,8,7,12,4,10,1,0,4,0,4,1,4,2,5,2,3,0,0,0,0,3,1,0,1,2,4,1,0,0,4,2,0,2,0,1,1,0,0,0,0,1,0,2,0,3,1,0,1,0,0,0,0,0,1,0,0,0,0,0,0,0,1,0,0,0,0,0,0,0,1,0,17,0,0,0,1,0,0,0,0,0,0,0,1,1,0,0,0,0,0,0,1,0,0,0,0,0,0,0
International,1076,336,378,364,354,274,0,0,169,7,134,241,174,150,92,83,66,140,0,28,49,69,132,0,23,82,37,19,37,6,20,160,90,57,0,43,15,9,6,2,7,55,30,5,4,19,68,0,11,20,0,12,7,2,33,17,1,1,0,15,14,20,24,0,5,0,2,9,7,17,7,3,0,466,19,0,8,16,48,1,0,15,0,2,10,22,20,4,0,0,18,2,6,12,13,0,9,7,51,2
state,1905,961,516,483,489,466,0,0,284,6,145,218,221,157,151,140,88,137,0,60,83,152,87,0,36,91,68,25,90,29,30,111,121,56,0,44,32,19,0,16,6,37,46,30,51,28,59,0,19,16,0,43,12,20,36,22,15,0,7,6,29,93,38,8,17,0,1,21,0,25,4,5,0,19,822,0,13,32,64,3,0,31,10,5,18,62,46,6,0,0,31,0,23,8,10,0,18,10,59,23
Gaza,3,2,1,3,1,4,0,0,0,0,2,0,1,0,0,0,0,0,0,0,0,1,0,1,0,1,0,1,1,0,0,0,0,1,0,0,0,1,0,0,1,0,0,0,0,0,0,0,0,0,0,0,0,0,0,0,0,2,0,0,0,0,0,0,0,0,0,0,0,0,0,0,0,0,0,1,0,0,0,0,0,0,0,0,0,0,0,0,0,0,0,0,0,0,0,0,0,0,1,0
2015,1436,643,503,471,932,479,0,0,237,1,182,276,172,150,103,132,156,214,1,91,66,212,135,3,20,76,52,53,45,13,38,117,123,57,0,71,33,11,1,6,0,52,32,11,11,16,71,0,15,35,0,22,11,19,28,38,12,0,2,8,45,28,17,1,16,0,0,15,0,24,7,7,1,8,13,0,755,36,42,0,0,22,5,4,24,65,62,3,1,0,29,2,14,27,9,0,7,8,87,12
up,2483,976,1291,850,1003,800,0,0,435,10,359,481,474,286,231,238,157,292,1,118,176,241,236,1,39,175,122,71,182,51,58,180,202,132,0,93,75,62,3,26,0,98,69,49,41,44,115,0,36,40,0,59,24,22,86,60,29,0,2,18,74,60,45,1,44,0,0,28,2,25,5,26,0,16,32,0,36,1383,143,4,0,36,20,5,51,126,97,23,7,0,75,2,41,30,10,0,17,26,95,36
more,4380,1595,2057,1745,1844,1521,2,0,704,25,676,911,757,629,464,317,344,435,1,159,211,513,304,3,100,295,234,109,410,62,99,304,380,281,0,167,149,101,1,51,3,228,110,67,56,62,283,0,73,46,0,99,31,37,101,109,36,1,9,32,186,227,76,3,70,0,0,101,4,58,18,93,0,48,64,0,42,143,2711,1,0,62,20,17,111,262,141,42,4,0,167,2,72,105,45,0,40,25,1229,92
visit,84,52,87,51,40,33,0,0,22,2,10,21,18,8,15,12,7,2,0,4,6,14,4,0,3,9,3,1,8,8,1,5,2,4,0,4,4,6,3,3,0,3,2,5,7,9,1,0,1,1,0,4,2,6,2,1,0,0,2,0,3,2,3,0,4,0,0,3,3,1,1,0,0,1,3,0,0,4,1,60,0,5,2,0,0,5,7,0,0,0,1,0,0,0,0,0,0,0,1,3
Abbas,1,1,1,1,1,1,0,0,0,0,0,0,0,1,1,0,0,0,0,0,1,0,0,0,0,0,0,0,0,0,0,0,0,0,0,0,0,0,0,0,0,0,0,0,0,0,0,0,0,0,0,0,0,0,0,0,0,0,0,1,0,0,0,0,0,0,0,0,0,0,0,0,0,0,0,0,0,0,0,0,2,0,0,0,0,0,0,0,0,0,0,0,0,0,0,0,0,0,0,0
New,1347,542,490,489,568,445,0,0,253,7,188,250,265,152,133,86,155,117,0,58,56,137,89,0,35,85,48,16,81,39,21,118,65,56,0,53,28,18,0,17,3,42,43,21,31,44,50,0,21,44,0,36,14,22,40,23,11,0,6,7,30,55,35,1,18,0,0,14,0,13,11,6,0,15,31,0,22,36,62,5,0,841,7,4,19,57,44,1,4,0,44,1,14,15,15,0,16,13,69,20
I,959,379,401,382,274,258,0,0,146,1,132,97,215,227,38,99,73,48,2,111,55,78,61,0,23,65,92,5,68,15,24,34,20,82,0,16,35,18,0,17,0,73,63,23,7,9,90,0,23,5,0,23,4,6,19,7,7,0,11,9,27,87,33,0,35,0,0,14,0,25,3,17,0,0,10,0,5,20,20,2,0,7,786,2,20,67,23,4,1,0,32,0,33,23,4,0,1,4,29,12
–,399,144,140,123,136,122,0,0,51,1,60,66,54,58,31,25,28,36,0,15,14,28,25,0,4,23,16,5,24,8,0,18,34,32,0,7,10,14,0,4,1,20,14,15,4,6,25,0,17,4,0,5,3,7,6,8,0,0,0,6,26,7,8,1,7,0,0,4,0,10,0,11,0,2,5,0,4,5,17,0,0,4,2,207,12,19,9,2,4,0,20,3,6,8,3,0,2,3,12,10
into,2209,793,833,867,609,625,2,0,275,8,241,364,381,274,227,133,132,159,0,90,129,215,125,0,66,150,104,55,141,46,38,142,157,135,0,63,69,43,2,26,2,97,56,51,57,44,131,0,27,32,0,64,10,18,92,41,7,0,24,12,76,76,50,1,44,0,1,31,4,43,5,34,1,10,18,0,24,51,111,0,0,19,20,12,1200,94,46,8,3,0,93,1,49,47,10,0,15,3,66,42
but,4274,1612,1744,1655,1709,1035,0,0,706,16,661,836,1054,600,444,278,341,320,0,241,250,403,289,6,80,319,289,73,367,67,89,381,326,404,0,181,157,80,8,57,4,263,405,86,49,58,398,0,70,64,0,154,24,52,66,94,22,0,22,21,190,144,45,3,101,0,6,46,4,77,14,57,1,22,62,0,65,126,262,5,0,57,67,19,94,2303,123,14,0,0,103,1,64,79,32,0,40,28,261,79
last,3191,1323,997,1132,1399,797,0,0,427,9,356,656,353,411,278,219,325,408,0,218,169,399,253,0,35,85,118,88,115,48,54,266,260,107,0,80,111,32,2,23,2,147,60,48,34,56,153,0,64,42,0,113,17,36,79,48,8,0,6,19,109,89,66,9,40,0,0,59,2,56,12,17,0,20,46,0,62,97,141,7,0,44,23,9,46,123,1604,10,2,0,93,4,30,92,22,0,11,18,206,28
support,462,158,346,175,174,215,0,0,78,4,99,72,79,58,63,39,34,56,0,9,35,66,46,0,9,63,28,3,28,9,10,39,63,21,0,14,21,12,1,3,0,21,10,6,10,13,24,0,4,10,0,9,2,0,19,11,8,0,1,0,11,8,4,0,12,0,2,3,0,2,1,2,0,4,6,0,3,23,42,0,0,1,4,2,8,14,10,286,0,0,32,0,4,5,3,0,12,3,16,6
Nations,107,41,27,32,38,43,0,0,25,0,30,30,21,8,9,14,6,20,0,3,7,7,5,0,4,8,6,0,0,0,3,12,16,7,0,2,2,3,0,1,1,4,0,2,0,1,3,0,2,7,0,2,3,0,1,0,1,0,0,47,0,0,0,0,1,0,0,0,0,0,0,1,0,0,0,0,1,7,4,0,0,4,1,4,3,0,2,0,57,0,5,0,0,0,0,0,0,1,1,1
"RAMALLAH,",0,0,0,0,0,0,0,0,0,0,0,0,0,0,0,0,0,0,0,0,0,0,0,0,0,0,0,0,0,0,0,0,0,0,0,0,0,0,0,0,0,0,0,0,0,0,0,0,0,0,0,0,0,0,0,0,0,0,0,0,0,0,0,0,0,0,0,0,0,0,0,0,0,0,0,0,0,0,0,0,0,0,0,0,0,0,0,0,0,0,0,0,0,0,0,0,0,0,0,0
new,3137,1344,1532,1592,1082,1111,1,1,439,11,471,657,681,453,288,258,187,348,1,105,198,364,262,0,170,303,130,50,257,50,96,158,203,164,0,90,71,60,3,35,5,139,72,35,42,55,157,0,34,47,0,90,34,26,97,40,7,1,10,41,69,119,93,2,45,0,3,41,0,34,20,55,0,18,31,0,29,75,167,1,0,44,32,20,93,103,93,32,5,0,2044,1,70,39,27,1,15,10,135,37
Authority,96,40,25,18,26,15,1,1,7,0,13,19,13,2,2,7,6,13,1,4,6,4,8,0,0,2,0,2,3,0,0,8,3,0,0,3,0,2,0,0,1,3,0,0,0,1,1,0,0,6,0,0,3,0,0,0,0,1,0,1,5,0,1,0,0,0,0,0,0,1,0,0,0,2,0,0,2,2,2,0,0,1,0,3,1,1,4,0,0,0,1,41,0,0,0,0,0,1,3,0
or,1439,682,693,638,497,369,11,0,195,9,200,258,370,205,106,122,110,113,0,82,113,166,80,0,29,129,119,20,138,19,61,63,56,134,0,55,59,51,1,39,0,68,124,29,6,15,128,0,17,20,0,68,8,16,29,20,12,0,4,6,17,85,59,3,58,0,1,23,6,28,1,60,1,6,23,0,14,41,72,0,0,14,33,6,49,64,30,4,0,0,70,0,968,20,0,0,5,3,55,38
years,1819,841,665,615,875,505,0,0,236,7,274,275,261,227,208,83,189,153,1,85,91,235,136,0,29,126,108,163,82,30,53,101,220,110,0,54,98,27,0,24,1,73,49,17,24,38,113,0,28,36,0,107,10,28,41,31,13,0,12,12,100,43,39,1,34,0,0,158,0,35,12,12,0,12,8,0,27,30,105,0,0,15,23,8,47,79,92,5,0,0,39,0,20,920,13,0,11,7,123,20
Tuesday,839,365,321,351,354,222,0,0,338,3,139,157,87,175,47,61,93,85,0,57,50,124,63,2,32,66,21,50,23,53,26,144,104,24,0,58,10,9,3,13,0,32,25,28,35,41,67,0,10,10,0,26,3,19,25,43,12,0,2,10,27,47,9,0,5,0,1,3,3,15,1,1,0,13,10,0,9,10,45,0,0,15,4,3,10,32,22,3,0,0,27,0,0,13,441,0,2,1,40,8
Liberation,1,0,0,2,0,1,0,0,0,0,0,0,1,0,0,0,1,0,0,0,0,0,0,0,0,0,0,0,0,0,0,0,0,0,0,0,0,0,0,0,0,0,0,0,0,0,0,0,0,0,0,0,0,0,0,0,0,0,0,0,0,0,0,0,0,0,0,0,0,0,0,0,0,0,0,0,0,0,0,0,0,0,0,0,0,0,0,0,0,0,1,0,0,0,0,1,0,0,0,0
Monday,592,209,309,278,236,172,0,0,277,4,109,85,55,175,43,44,25,93,0,49,32,92,49,0,17,47,12,42,21,26,21,100,52,28,0,39,13,10,0,2,1,25,12,21,27,39,27,0,12,9,0,6,2,5,17,22,16,0,4,11,9,34,4,0,10,0,0,11,0,9,1,6,0,9,18,0,7,17,40,0,0,16,1,2,15,40,11,12,0,0,15,0,5,11,2,0,348,4,33,7
March,566,222,190,192,302,162,0,0,108,0,84,115,72,53,27,41,63,62,0,24,23,83,49,0,8,48,16,15,18,7,8,55,61,24,0,38,6,5,1,3,0,19,15,5,3,19,14,0,8,31,0,15,12,7,10,5,3,0,4,2,35,5,9,0,5,0,1,8,0,20,3,12,0,7,10,0,8,26,25,0,0,13,4,3,3,28,18,3,1,0,10,1,3,7,1,0,4,316,21,5
than,4570,1650,1639,1817,2262,1130,0,0,592,18,480,1040,747,530,406,247,557,600,3,269,212,496,312,2,91,242,167,104,273,61,98,333,355,244,0,184,129,91,2,33,2,251,107,74,50,68,321,0,85,71,0,117,34,47,130,101,23,2,4,36,287,144,69,3,59,0,1,122,2,88,10,48,0,51,59,1,87,95,1229,1,0,69,29,12,66,261,206,16,1,0,135,3,55,123,40,0,33,21,2550,89
they,1340,513,592,397,385,480,0,0,218,7,180,165,178,220,85,71,99,68,0,36,80,200,77,0,34,97,165,23,313,18,47,82,45,120,0,40,51,129,0,25,9,53,54,7,12,4,73,0,74,12,0,39,5,3,40,18,9,0,1,19,16,95,34,0,18,0,0,20,0,24,2,46,0,2,23,0,12,36,92,3,0,20,12,10,42,79,28,6,1,0,37,0,38,20,8,0,7,5,89,859
